20171226,06001,Alameda County,CA,100.00,0.00,0.00,0.00,0.00,0.00,2017-12-26,2018-01-01,1
20171219,06001,Alameda County,CA,100.00,0.00,0.00,0.00,0.00,0.00,2017-12-19,2017-12-25,1
20171212,06001,Alameda County,CA,100.00,0.00,0.00,0.00,0.00,0.00,2017-12-12,2017-12-18,1
20171205,06001,Alameda County,CA,100.00,0.00,0.00,0.00,0.00,0.00,2017-12-05,2017-12-11,1
20171128,06001,Alameda County,CA,100.00,0.00,0.00,0.00,0.00,0.00,2017-11-28,2017-12-04,1
20171121,06001,Alameda County,CA,100.00,0.00,0.00,0.00,0.00,0.00,2017-11-21,2017-11-27,1
20171114,06001,Alameda County,CA,100.00,0.00,0.00,0.00,0.00,0.00,2017-11-14,2017-11-20,1
20171107,06001,Alameda County,CA,100.00,0.00,0.00,0.00,0.00,0.00,2017-11-07,2017-11-13,1
20171031,06001,Alameda County,CA,100.00,0.00,0.00,0.00,0.00,0.00,2017-10-31,2017-11-06,1
20171024,06001,Alameda County,CA,100.00,0.00,0.00,0.00,0.00,0.00,2017-10-24,2017-10-30,1
20171017,06001,Alameda County,CA,100.00,0.00,0.00,0.00,0.00,0.00,2017-10-17,2017-10-23,1
20171010,06001,Alameda County,CA,100.00,0.00,0.00,0.00,0.00,0.00,2017-10-10,2017-10-16,1
20171003,06001,Alameda County,CA,100.00,0.00,0.00,0.00,0.00,0.00,2017-10-03,2017-10-09,1
20170926,06001,Alameda County,CA,100.00,0.00,0.00,0.00,0.00,0.00,2017-09-26,2017-10-02,1
20170919,06001,Alameda County,CA,100.00,0.00,0.00,0.00,0.00,0.00,2017-09-19,2017-09-25,1
20170912,06001,Alameda County,CA,100.00,0.00,0.00,0.00,0.00,0.00,2017-09-12,2017-09-18,1
20170905,06001,Alameda County,CA,100.00,0.00,0.00,0.00,0.00,0.00,2017-09-05,2017-09-11,1
20170829,06001,Alameda County,CA,100.00,0.00,0.00,0.00,0.00,0.00,2017-08-29,2017-09-04,1
20170822,06001,Alameda County,CA,100.00,0.00,0.00,0.00,0.00,0.00,2017-08-22,2017-08-28,1
20170815,06001,Alameda County,CA,100.00,0.00,0.00,0.00,0.00,0.00,2017-08-15,2017-08-21,1
20170808,06001,Alameda County,CA,100.00,0.00,0.00,0.00,0.00,0.00,2017-08-08,2017-08-14,1
20170801,06001,Alameda County,CA,100.00,0.00,0.00,0.00,0.00,0.00,2017-08-01,2017-08-07,1
20170725,06001,Alameda County,CA,100.00,0.00,0.00,0.00,0.00,0.00,2017-07-25,2017-07-31,1
20170718,06001,Alameda County,CA,100.00,0.00,0.00,0.00,0.00,0.00,2017-07-18,2017-07-24,1
20170711,06001,Alameda County,CA,100.00,0.00,0.00,0.00,0.00,0.00,2017-07-11,2017-07-17,1
20170704,06001,Alameda County,CA,100.00,0.00,0.00,0.00,0.00,0.00,2017-07-04,2017-07-10,1
20170627,06001,Alameda County,CA,100.00,0.00,0.00,0.00,0.00,0.00,2017-06-27,2017-07-03,1
20170620,06001,Alameda County,CA,100.00,0.00,0.00,0.00,0.00,0.00,2017-06-20,2017-06-26,1
20170613,06001,Alameda County,CA,100.00,0.00,0.00,0.00,0.00,0.00,2017-06-13,2017-06-19,1
20170606,06001,Alameda County,CA,100.00,0.00,0.00,0.00,0.00,0.00,2017-06-06,2017-06-12,1
20170530,06001,Alameda County,CA,100.00,0.00,0.00,0.00,0.00,0.00,2017-05-30,2017-06-05,1
20170523,06001,Alameda County,CA,100.00,0.00,0.00,0.00,0.00,0.00,2017-05-23,2017-05-29,1
20170516,06001,Alameda County,CA,100.00,0.00,0.00,0.00,0.00,0.00,2017-05-16,2017-05-22,1
20170509,06001,Alameda County,CA,100.00,0.00,0.00,0.00,0.00,0.00,2017-05-09,2017-05-15,1
20170502,06001,Alameda County,CA,100.00,0.00,0.00,0.00,0.00,0.00,2017-05-02,2017-05-08,1
20170425,06001,Alameda County,CA,100.00,0.00,0.00,0.00,0.00,0.00,2017-04-25,2017-05-01,1
20170418,06001,Alameda County,CA,100.00,0.00,0.00,0.00,0.00,0.00,2017-04-18,2017-04-24,1
20170411,06001,Alameda County,CA,100.00,0.00,0.00,0.00,0.00,0.00,2017-04-11,2017-04-17,1
20170404,06001,Alameda County,CA,100.00,0.00,0.00,0.00,0.00,0.00,2017-04-04,2017-04-10,1
20170328,06001,Alameda County,CA,100.00,0.00,0.00,0.00,0.00,0.00,2017-03-28,2017-04-03,1
20170321,06001,Alameda County,CA,100.00,0.00,0.00,0.00,0.00,0.00,2017-03-21,2017-03-27,1
20170314,06001,Alameda County,CA,100.00,0.00,0.00,0.00,0.00,0.00,2017-03-14,2017-03-20,1
20170307,06001,Alameda County,CA,100.00,0.00,0.00,0.00,0.00,0.00,2017-03-07,2017-03-13,1
20170228,06001,Alameda County,CA,100.00,0.00,0.00,0.00,0.00,0.00,2017-02-28,2017-03-06,1
20170221,06001,Alameda County,CA,100.00,0.00,0.00,0.00,0.00,0.00,2017-02-21,2017-02-27,1
20170214,06001,Alameda County,CA,100.00,0.00,0.00,0.00,0.00,0.00,2017-02-14,2017-02-20,1
20170207,06001,Alameda County,CA,96.58,3.42,0.00,0.00,0.00,0.00,2017-02-07,2017-02-13,1
20170131,06001,Alameda County,CA,96.58,3.42,0.00,0.00,0.00,0.00,2017-01-31,2017-02-06,1
20170124,06001,Alameda County,CA,96.58,3.42,0.00,0.00,0.00,0.00,2017-01-24,2017-01-30,1
20170117,06001,Alameda County,CA,18.13,81.87,3.51,0.00,0.00,0.00,2017-01-17,2017-01-23,1
20170110,06001,Alameda County,CA,18.13,81.87,3.51,0.00,0.00,0.00,2017-01-10,2017-01-16,1
20170103,06001,Alameda County,CA,0.00,100.00,94.14,61.86,0.00,0.00,2017-01-03,2017-01-09,1
20161227,06001,Alameda County,CA,0.00,100.00,94.14,61.86,0.00,0.00,2016-12-27,2017-01-02,1
20161220,06001,Alameda County,CA,0.00,100.00,94.14,61.86,0.00,0.00,2016-12-20,2016-12-26,1
20161213,06001,Alameda County,CA,0.00,100.00,100.00,82.42,44.83,0.00,2016-12-13,2016-12-19,1
20161206,06001,Alameda County,CA,0.00,100.00,100.00,82.42,44.83,0.00,2016-12-06,2016-12-12,1
20161129,06001,Alameda County,CA,0.00,100.00,100.00,82.42,44.83,0.00,2016-11-29,2016-12-05,1
20161122,06001,Alameda County,CA,0.00,100.00,100.00,82.42,44.83,0.00,2016-11-22,2016-11-28,1
20161115,06001,Alameda County,CA,0.00,100.00,100.00,82.42,44.83,0.00,2016-11-15,2016-11-21,1
20161108,06001,Alameda County,CA,0.00,100.00,100.00,82.42,44.83,0.00,2016-11-08,2016-11-14,1
20161101,06001,Alameda County,CA,0.00,100.00,100.00,82.42,44.83,0.00,2016-11-01,2016-11-07,1
20161025,06001,Alameda County,CA,0.00,100.00,100.00,82.42,44.83,0.00,2016-10-25,2016-10-31,1
20161018,06001,Alameda County,CA,0.00,100.00,100.00,82.42,44.83,0.00,2016-10-18,2016-10-24,1
20161011,06001,Alameda County,CA,0.00,100.00,100.00,82.42,44.83,0.00,2016-10-11,2016-10-17,1
20161004,06001,Alameda County,CA,0.00,100.00,100.00,82.42,44.83,0.00,2016-10-04,2016-10-10,1
20160927,06001,Alameda County,CA,0.00,100.00,100.00,82.42,44.83,0.00,2016-09-27,2016-10-03,1
20160920,06001,Alameda County,CA,0.00,100.00,100.00,82.42,44.83,0.00,2016-09-20,2016-09-26,1
20160913,06001,Alameda County,CA,0.00,100.00,100.00,82.42,44.83,0.00,2016-09-13,2016-09-19,1
20160906,06001,Alameda County,CA,0.00,100.00,100.00,82.42,44.83,0.00,2016-09-06,2016-09-12,1
20160830,06001,Alameda County,CA,0.00,100.00,100.00,82.42,44.83,0.00,2016-08-30,2016-09-05,1
20160823,06001,Alameda County,CA,0.00,100.00,100.00,82.42,44.83,0.00,2016-08-23,2016-08-29,1
20160816,06001,Alameda County,CA,0.00,100.00,100.00,82.42,44.83,0.00,2016-08-16,2016-08-22,1
20160809,06001,Alameda County,CA,0.00,100.00,100.00,82.42,44.83,0.00,2016-08-09,2016-08-15,1
20160802,06001,Alameda County,CA,0.00,100.00,100.00,82.42,44.83,0.00,2016-08-02,2016-08-08,1
20160726,06001,Alameda County,CA,0.00,100.00,100.00,82.42,44.83,0.00,2016-07-26,2016-08-01,1
20160719,06001,Alameda County,CA,0.00,100.00,100.00,82.42,44.83,0.00,2016-07-19,2016-07-25,1
20160712,06001,Alameda County,CA,0.00,100.00,100.00,82.42,44.83,0.00,2016-07-12,2016-07-18,1
20160705,06001,Alameda County,CA,0.00,100.00,100.00,82.42,44.83,0.00,2016-07-05,2016-07-11,1
20160628,06001,Alameda County,CA,0.00,100.00,100.00,82.42,44.83,0.00,2016-06-28,2016-07-04,1
20160621,06001,Alameda County,CA,0.00,100.00,100.00,82.42,44.83,0.00,2016-06-21,2016-06-27,1
20160614,06001,Alameda County,CA,0.00,100.00,100.00,82.42,44.83,0.00,2016-06-14,2016-06-20,1
20160607,06001,Alameda County,CA,0.00,100.00,100.00,82.42,44.83,0.00,2016-06-07,2016-06-13,1
20160531,06001,Alameda County,CA,0.00,100.00,100.00,82.42,44.83,0.00,2016-05-31,2016-06-06,1
20160524,06001,Alameda County,CA,0.00,100.00,100.00,82.42,44.83,0.00,2016-05-24,2016-05-30,1
20160517,06001,Alameda County,CA,0.00,100.00,100.00,82.42,44.83,0.00,2016-05-17,2016-05-23,1
20160510,06001,Alameda County,CA,0.00,100.00,100.00,82.42,44.83,0.00,2016-05-10,2016-05-16,1
20160503,06001,Alameda County,CA,0.00,100.00,100.00,82.42,44.83,0.00,2016-05-03,2016-05-09,1
20160426,06001,Alameda County,CA,0.00,100.00,100.00,82.42,44.83,0.00,2016-04-26,2016-05-02,1
20160419,06001,Alameda County,CA,0.00,100.00,100.00,82.42,44.83,0.00,2016-04-19,2016-04-25,1
20160412,06001,Alameda County,CA,0.00,100.00,100.00,82.42,44.83,16.37,2016-04-12,2016-04-18,1
20160405,06001,Alameda County,CA,0.00,100.00,100.00,82.42,44.83,16.37,2016-04-05,2016-04-11,1
20160329,06001,Alameda County,CA,0.00,100.00,100.00,82.42,44.83,20.82,2016-03-29,2016-04-04,1
20160322,06001,Alameda County,CA,0.00,100.00,100.00,82.42,44.83,20.82,2016-03-22,2016-03-28,1
20160315,06001,Alameda County,CA,0.00,100.00,100.00,82.42,44.83,20.82,2016-03-15,2016-03-21,1
20160308,06001,Alameda County,CA,0.00,100.00,100.00,100.00,98.46,20.82,2016-03-08,2016-03-14,1
20160301,06001,Alameda County,CA,0.00,100.00,100.00,100.00,98.46,20.82,2016-03-01,2016-03-07,1
20160223,06001,Alameda County,CA,0.00,100.00,100.00,100.00,98.46,20.82,2016-02-23,2016-02-29,1
20160216,06001,Alameda County,CA,0.00,100.00,100.00,100.00,98.46,20.82,2016-02-16,2016-02-22,1
20160209,06001,Alameda County,CA,0.00,100.00,100.00,100.00,98.46,20.82,2016-02-09,2016-02-15,1
20160202,06001,Alameda County,CA,0.00,100.00,100.00,100.00,98.46,20.82,2016-02-02,2016-02-08,1
20160126,06001,Alameda County,CA,0.00,100.00,100.00,100.00,99.93,18.96,2016-01-26,2016-02-01,1
20160119,06001,Alameda County,CA,0.00,100.00,100.00,100.00,100.00,18.96,2016-01-19,2016-01-25,1
20160112,06001,Alameda County,CA,0.00,100.00,100.00,100.00,100.00,18.96,2016-01-12,2016-01-18,1
20160105,06001,Alameda County,CA,0.00,100.00,100.00,100.00,100.00,18.96,2016-01-05,2016-01-11,1
20151229,06001,Alameda County,CA,0.00,100.00,100.00,100.00,100.00,18.96,2015-12-29,2016-01-04,1
20151222,06001,Alameda County,CA,0.00,100.00,100.00,100.00,100.00,18.96,2015-12-22,2015-12-28,1
20151215,06001,Alameda County,CA,0.00,100.00,100.00,100.00,100.00,18.96,2015-12-15,2015-12-21,1
20151208,06001,Alameda County,CA,0.00,100.00,100.00,100.00,100.00,18.96,2015-12-08,2015-12-14,1
20151201,06001,Alameda County,CA,0.00,100.00,100.00,100.00,100.00,18.96,2015-12-01,2015-12-07,1
20151124,06001,Alameda County,CA,0.00,100.00,100.00,100.00,100.00,18.96,2015-11-24,2015-11-30,1
20151117,06001,Alameda County,CA,0.00,100.00,100.00,100.00,100.00,18.96,2015-11-17,2015-11-23,1
20151110,06001,Alameda County,CA,0.00,100.00,100.00,100.00,100.00,18.96,2015-11-10,2015-11-16,1
20151103,06001,Alameda County,CA,0.00,100.00,100.00,100.00,100.00,18.96,2015-11-03,2015-11-09,1
20151027,06001,Alameda County,CA,0.00,100.00,100.00,100.00,100.00,18.96,2015-10-27,2015-11-02,1
20151020,06001,Alameda County,CA,0.00,100.00,100.00,100.00,100.00,18.96,2015-10-20,2015-10-26,1
20151013,06001,Alameda County,CA,0.00,100.00,100.00,100.00,100.00,18.96,2015-10-13,2015-10-19,1
20151006,06001,Alameda County,CA,0.00,100.00,100.00,100.00,100.00,18.96,2015-10-06,2015-10-12,1
20150929,06001,Alameda County,CA,0.00,100.00,100.00,100.00,100.00,18.96,2015-09-29,2015-10-05,1
20150922,06001,Alameda County,CA,0.00,100.00,100.00,100.00,100.00,18.96,2015-09-22,2015-09-28,1
20150915,06001,Alameda County,CA,0.00,100.00,100.00,100.00,100.00,18.96,2015-09-15,2015-09-21,1
20150908,06001,Alameda County,CA,0.00,100.00,100.00,100.00,100.00,18.96,2015-09-08,2015-09-14,1
20150901,06001,Alameda County,CA,0.00,100.00,100.00,100.00,100.00,18.96,2015-09-01,2015-09-07,1
20150825,06001,Alameda County,CA,0.00,100.00,100.00,100.00,100.00,18.96,2015-08-25,2015-08-31,1
20150818,06001,Alameda County,CA,0.00,100.00,100.00,100.00,100.00,18.96,2015-08-18,2015-08-24,1
20150811,06001,Alameda County,CA,0.00,100.00,100.00,100.00,100.00,18.96,2015-08-11,2015-08-17,1
20150804,06001,Alameda County,CA,0.00,100.00,100.00,100.00,100.00,18.96,2015-08-04,2015-08-10,1
20150728,06001,Alameda County,CA,0.00,100.00,100.00,100.00,100.00,18.96,2015-07-28,2015-08-03,1
20150721,06001,Alameda County,CA,0.00,100.00,100.00,100.00,100.00,18.96,2015-07-21,2015-07-27,1
20150714,06001,Alameda County,CA,0.00,100.00,100.00,100.00,100.00,18.96,2015-07-14,2015-07-20,1
20150707,06001,Alameda County,CA,0.00,100.00,100.00,100.00,100.00,18.96,2015-07-07,2015-07-13,1
20150630,06001,Alameda County,CA,0.00,100.00,100.00,100.00,100.00,18.96,2015-06-30,2015-07-06,1
20150623,06001,Alameda County,CA,0.00,100.00,100.00,100.00,100.00,18.96,2015-06-23,2015-06-29,1
20150616,06001,Alameda County,CA,0.00,100.00,100.00,100.00,100.00,18.96,2015-06-16,2015-06-22,1
20150609,06001,Alameda County,CA,0.00,100.00,100.00,100.00,100.00,18.96,2015-06-09,2015-06-15,1
20150602,06001,Alameda County,CA,0.00,100.00,100.00,100.00,100.00,18.96,2015-06-02,2015-06-08,1
20150526,06001,Alameda County,CA,0.00,100.00,100.00,100.00,100.00,18.96,2015-05-26,2015-06-01,1
20150519,06001,Alameda County,CA,0.00,100.00,100.00,100.00,100.00,18.96,2015-05-19,2015-05-25,1
20150512,06001,Alameda County,CA,0.00,100.00,100.00,100.00,100.00,18.96,2015-05-12,2015-05-18,1
20150505,06001,Alameda County,CA,0.00,100.00,100.00,100.00,100.00,18.96,2015-05-05,2015-05-11,1
20150428,06001,Alameda County,CA,0.00,100.00,100.00,100.00,100.00,18.96,2015-04-28,2015-05-04,1
20150421,06001,Alameda County,CA,0.00,100.00,100.00,100.00,100.00,18.96,2015-04-21,2015-04-27,1
20150414,06001,Alameda County,CA,0.00,100.00,100.00,100.00,100.00,18.96,2015-04-14,2015-04-20,1
20150407,06001,Alameda County,CA,0.00,100.00,100.00,100.00,100.00,18.96,2015-04-07,2015-04-13,1
20150331,06001,Alameda County,CA,0.00,100.00,100.00,100.00,100.00,18.96,2015-03-31,2015-04-06,1
20150324,06001,Alameda County,CA,0.00,100.00,100.00,100.00,100.00,18.96,2015-03-24,2015-03-30,1
20150317,06001,Alameda County,CA,0.00,100.00,100.00,100.00,100.00,18.96,2015-03-17,2015-03-23,1
20150310,06001,Alameda County,CA,0.00,100.00,100.00,100.00,100.00,18.96,2015-03-10,2015-03-16,1
20150303,06001,Alameda County,CA,0.00,100.00,100.00,100.00,100.00,18.96,2015-03-03,2015-03-09,1
20150224,06001,Alameda County,CA,0.00,100.00,100.00,100.00,100.00,18.96,2015-02-24,2015-03-02,1
20150217,06001,Alameda County,CA,0.00,100.00,100.00,100.00,100.00,18.96,2015-02-17,2015-02-23,1
20150210,06001,Alameda County,CA,0.00,100.00,100.00,100.00,100.00,18.96,2015-02-10,2015-02-16,1
20150203,06001,Alameda County,CA,0.00,100.00,100.00,100.00,100.00,18.96,2015-02-03,2015-02-09,1
20150127,06001,Alameda County,CA,0.00,100.00,100.00,100.00,100.00,18.96,2015-01-27,2015-02-02,1
20150120,06001,Alameda County,CA,0.00,100.00,100.00,100.00,100.00,18.96,2015-01-20,2015-01-26,1
20150113,06001,Alameda County,CA,0.00,100.00,100.00,100.00,100.00,18.96,2015-01-13,2015-01-19,1
20150106,06001,Alameda County,CA,0.00,100.00,100.00,100.00,100.00,18.96,2015-01-06,2015-01-12,1
20141230,06001,Alameda County,CA,0.00,100.00,100.00,100.00,100.00,18.96,2014-12-30,2015-01-05,1
20141223,06001,Alameda County,CA,0.00,100.00,100.00,100.00,100.00,18.96,2014-12-23,2014-12-29,1
20141216,06001,Alameda County,CA,0.00,100.00,100.00,100.00,100.00,18.96,2014-12-16,2014-12-22,1
20141209,06001,Alameda County,CA,0.00,100.00,100.00,100.00,100.00,100.00,2014-12-09,2014-12-15,1
20141202,06001,Alameda County,CA,0.00,100.00,100.00,100.00,100.00,100.00,2014-12-02,2014-12-08,1
20141125,06001,Alameda County,CA,0.00,100.00,100.00,100.00,100.00,100.00,2014-11-25,2014-12-01,1
20141118,06001,Alameda County,CA,0.00,100.00,100.00,100.00,100.00,100.00,2014-11-18,2014-11-24,1
20141111,06001,Alameda County,CA,0.00,100.00,100.00,100.00,100.00,100.00,2014-11-11,2014-11-17,1
20141104,06001,Alameda County,CA,0.00,100.00,100.00,100.00,100.00,100.00,2014-11-04,2014-11-10,1
20141028,06001,Alameda County,CA,0.00,100.00,100.00,100.00,100.00,100.00,2014-10-28,2014-11-03,1
20141021,06001,Alameda County,CA,0.00,100.00,100.00,100.00,100.00,100.00,2014-10-21,2014-10-27,1
20141014,06001,Alameda County,CA,0.00,100.00,100.00,100.00,100.00,100.00,2014-10-14,2014-10-20,1
20141007,06001,Alameda County,CA,0.00,100.00,100.00,100.00,100.00,100.00,2014-10-07,2014-10-13,1
20140930,06001,Alameda County,CA,0.00,100.00,100.00,100.00,100.00,100.00,2014-09-30,2014-10-06,1
20140923,06001,Alameda County,CA,0.00,100.00,100.00,100.00,100.00,100.00,2014-09-23,2014-09-29,1
20140916,06001,Alameda County,CA,0.00,100.00,100.00,100.00,100.00,100.00,2014-09-16,2014-09-22,1
20140909,06001,Alameda County,CA,0.00,100.00,100.00,100.00,100.00,100.00,2014-09-09,2014-09-15,1
20140902,06001,Alameda County,CA,0.00,100.00,100.00,100.00,100.00,100.00,2014-09-02,2014-09-08,1
20140826,06001,Alameda County,CA,0.00,100.00,100.00,100.00,100.00,100.00,2014-08-26,2014-09-01,1
20140819,06001,Alameda County,CA,0.00,100.00,100.00,100.00,100.00,100.00,2014-08-19,2014-08-25,1
20140812,06001,Alameda County,CA,0.00,100.00,100.00,100.00,100.00,100.00,2014-08-12,2014-08-18,1
20140805,06001,Alameda County,CA,0.00,100.00,100.00,100.00,100.00,100.00,2014-08-05,2014-08-11,1
20140729,06001,Alameda County,CA,0.00,100.00,100.00,100.00,100.00,100.00,2014-07-29,2014-08-04,1
20140722,06001,Alameda County,CA,0.00,100.00,100.00,100.00,100.00,100.00,2014-07-22,2014-07-28,1
20140715,06001,Alameda County,CA,0.00,100.00,100.00,100.00,100.00,100.00,2014-07-15,2014-07-21,1
20140708,06001,Alameda County,CA,0.00,100.00,100.00,100.00,100.00,100.00,2014-07-08,2014-07-14,1
20140701,06001,Alameda County,CA,0.00,100.00,100.00,100.00,100.00,100.00,2014-07-01,2014-07-07,1
20140624,06001,Alameda County,CA,0.00,100.00,100.00,100.00,100.00,100.00,2014-06-24,2014-06-30,1
20140617,06001,Alameda County,CA,0.00,100.00,100.00,100.00,100.00,100.00,2014-06-17,2014-06-23,1
20140610,06001,Alameda County,CA,0.00,100.00,100.00,100.00,100.00,96.09,2014-06-10,2014-06-16,1
20140603,06001,Alameda County,CA,0.00,100.00,100.00,100.00,100.00,96.09,2014-06-03,2014-06-09,1
20140527,06001,Alameda County,CA,0.00,100.00,100.00,100.00,100.00,96.09,2014-05-27,2014-06-02,1
20140520,06001,Alameda County,CA,0.00,100.00,100.00,100.00,100.00,96.09,2014-05-20,2014-05-26,1
20140513,06001,Alameda County,CA,0.00,100.00,100.00,100.00,100.00,96.09,2014-05-13,2014-05-19,1
20140506,06001,Alameda County,CA,0.00,100.00,100.00,100.00,100.00,96.09,2014-05-06,2014-05-12,1
20140429,06001,Alameda County,CA,0.00,100.00,100.00,100.00,100.00,96.09,2014-04-29,2014-05-05,1
20140422,06001,Alameda County,CA,0.00,100.00,100.00,100.00,100.00,96.09,2014-04-22,2014-04-28,1
20140415,06001,Alameda County,CA,0.00,100.00,100.00,100.00,100.00,57.65,2014-04-15,2014-04-21,1
20140408,06001,Alameda County,CA,0.00,100.00,100.00,100.00,100.00,57.65,2014-04-08,2014-04-14,1
20140401,06001,Alameda County,CA,0.00,100.00,100.00,100.00,100.00,57.65,2014-04-01,2014-04-07,1
20140325,06001,Alameda County,CA,0.00,100.00,100.00,100.00,100.00,57.65,2014-03-25,2014-03-31,1
20140318,06001,Alameda County,CA,0.00,100.00,100.00,100.00,100.00,57.65,2014-03-18,2014-03-24,1
20140311,06001,Alameda County,CA,0.00,100.00,100.00,100.00,100.00,57.65,2014-03-11,2014-03-17,1
20140304,06001,Alameda County,CA,0.00,100.00,100.00,100.00,100.00,57.65,2014-03-04,2014-03-10,1
20140225,06001,Alameda County,CA,0.00,100.00,100.00,100.00,100.00,57.65,2014-02-25,2014-03-03,1
20140218,06001,Alameda County,CA,0.00,100.00,100.00,100.00,100.00,0.00,2014-02-18,2014-02-24,1
20140211,06001,Alameda County,CA,0.00,100.00,100.00,100.00,100.00,0.00,2014-02-11,2014-02-17,1
20140204,06001,Alameda County,CA,0.00,100.00,100.00,100.00,100.00,0.00,2014-02-04,2014-02-10,1
20140128,06001,Alameda County,CA,0.00,100.00,100.00,100.00,100.00,0.00,2014-01-28,2014-02-03,1
20140121,06001,Alameda County,CA,0.00,100.00,100.00,100.00,100.00,0.00,2014-01-21,2014-01-27,1
20140114,06001,Alameda County,CA,0.00,100.00,100.00,100.00,100.00,0.00,2014-01-14,2014-01-20,1
20140107,06001,Alameda County,CA,0.00,100.00,100.00,100.00,6.91,0.00,2014-01-07,2014-01-13,1
20131231,06001,Alameda County,CA,0.00,100.00,100.00,100.00,6.91,0.00,2013-12-31,2014-01-06,1
20131224,06001,Alameda County,CA,0.00,100.00,100.00,100.00,6.91,0.00,2013-12-24,2013-12-30,1
20131217,06001,Alameda County,CA,0.00,100.00,100.00,100.00,6.91,0.00,2013-12-17,2013-12-23,1
20131210,06001,Alameda County,CA,0.00,100.00,100.00,100.00,6.91,0.00,2013-12-10,2013-12-16,1
20131203,06001,Alameda County,CA,0.00,100.00,100.00,100.00,6.91,0.00,2013-12-03,2013-12-09,1
20131126,06001,Alameda County,CA,0.00,100.00,100.00,100.00,6.91,0.00,2013-11-26,2013-12-02,1
20131119,06001,Alameda County,CA,0.00,100.00,100.00,100.00,6.91,0.00,2013-11-19,2013-11-25,1
20131112,06001,Alameda County,CA,0.00,100.00,100.00,100.00,0.00,0.00,2013-11-12,2013-11-18,1
20131105,06001,Alameda County,CA,0.00,100.00,100.00,100.00,0.00,0.00,2013-11-05,2013-11-11,1
20131029,06001,Alameda County,CA,0.00,100.00,100.00,100.00,0.00,0.00,2013-10-29,2013-11-04,1
20131022,06001,Alameda County,CA,0.00,100.00,100.00,100.00,0.00,0.00,2013-10-22,2013-10-28,1
20131015,06001,Alameda County,CA,0.00,100.00,100.00,100.00,0.00,0.00,2013-10-15,2013-10-21,1
20131008,06001,Alameda County,CA,0.00,100.00,100.00,100.00,0.00,0.00,2013-10-08,2013-10-14,1
20131001,06001,Alameda County,CA,0.00,100.00,100.00,100.00,0.00,0.00,2013-10-01,2013-10-07,1
20130924,06001,Alameda County,CA,0.00,100.00,100.00,100.00,0.00,0.00,2013-09-24,2013-09-30,1
20130917,06001,Alameda County,CA,0.00,100.00,100.00,100.00,0.00,0.00,2013-09-17,2013-09-23,1
20130910,06001,Alameda County,CA,0.00,100.00,100.00,100.00,0.00,0.00,2013-09-10,2013-09-16,1
20130903,06001,Alameda County,CA,0.00,100.00,100.00,100.00,0.00,0.00,2013-09-03,2013-09-09,1
20130827,06001,Alameda County,CA,0.00,100.00,100.00,100.00,0.00,0.00,2013-08-27,2013-09-02,1
20130820,06001,Alameda County,CA,0.00,100.00,100.00,100.00,0.00,0.00,2013-08-20,2013-08-26,1
20130813,06001,Alameda County,CA,0.00,100.00,100.00,100.00,0.00,0.00,2013-08-13,2013-08-19,1
20130806,06001,Alameda County,CA,0.00,100.00,100.00,100.00,0.00,0.00,2013-08-06,2013-08-12,1
20130730,06001,Alameda County,CA,0.00,100.00,100.00,100.00,0.00,0.00,2013-07-30,2013-08-05,1
20130723,06001,Alameda County,CA,0.00,100.00,100.00,100.00,0.00,0.00,2013-07-23,2013-07-29,1
20130716,06001,Alameda County,CA,0.00,100.00,100.00,100.00,0.00,0.00,2013-07-16,2013-07-22,1
20130709,06001,Alameda County,CA,0.00,100.00,100.00,100.00,0.00,0.00,2013-07-09,2013-07-15,1
20130702,06001,Alameda County,CA,0.00,100.00,100.00,100.00,0.00,0.00,2013-07-02,2013-07-08,1
20130625,06001,Alameda County,CA,0.00,100.00,100.00,100.00,0.00,0.00,2013-06-25,2013-07-01,1
20130618,06001,Alameda County,CA,0.00,100.00,100.00,0.00,0.00,0.00,2013-06-18,2013-06-24,1
20130611,06001,Alameda County,CA,0.00,100.00,100.00,0.00,0.00,0.00,2013-06-11,2013-06-17,1
20130604,06001,Alameda County,CA,0.00,100.00,100.00,0.00,0.00,0.00,2013-06-04,2013-06-10,1
20130528,06001,Alameda County,CA,0.00,100.00,100.00,0.00,0.00,0.00,2013-05-28,2013-06-03,1
20130521,06001,Alameda County,CA,0.00,100.00,100.00,0.00,0.00,0.00,2013-05-21,2013-05-27,1
20130514,06001,Alameda County,CA,0.00,100.00,100.00,0.00,0.00,0.00,2013-05-14,2013-05-20,1
20130507,06001,Alameda County,CA,0.00,100.00,100.00,0.00,0.00,0.00,2013-05-07,2013-05-13,1
20130430,06001,Alameda County,CA,0.00,100.00,0.00,0.00,0.00,0.00,2013-04-30,2013-05-06,1
20130423,06001,Alameda County,CA,0.00,100.00,0.00,0.00,0.00,0.00,2013-04-23,2013-04-29,1
20130416,06001,Alameda County,CA,0.00,100.00,0.00,0.00,0.00,0.00,2013-04-16,2013-04-22,1
20130409,06001,Alameda County,CA,0.00,100.00,0.00,0.00,0.00,0.00,2013-04-09,2013-04-15,1
20130402,06001,Alameda County,CA,0.00,100.00,0.00,0.00,0.00,0.00,2013-04-02,2013-04-08,1
20130326,06001,Alameda County,CA,0.00,100.00,0.00,0.00,0.00,0.00,2013-03-26,2013-04-01,1
20130319,06001,Alameda County,CA,0.00,100.00,0.00,0.00,0.00,0.00,2013-03-19,2013-03-25,1
20130312,06001,Alameda County,CA,0.00,100.00,0.00,0.00,0.00,0.00,2013-03-12,2013-03-18,1
20130305,06001,Alameda County,CA,0.00,100.00,0.00,0.00,0.00,0.00,2013-03-05,2013-03-11,1
20130226,06001,Alameda County,CA,0.00,100.00,0.00,0.00,0.00,0.00,2013-02-26,2013-03-04,1
20130219,06001,Alameda County,CA,10.90,89.10,0.00,0.00,0.00,0.00,2013-02-19,2013-02-25,1
20130212,06001,Alameda County,CA,100.00,0.00,0.00,0.00,0.00,0.00,2013-02-12,2013-02-18,1
20130205,06001,Alameda County,CA,100.00,0.00,0.00,0.00,0.00,0.00,2013-02-05,2013-02-11,1
20130129,06001,Alameda County,CA,100.00,0.00,0.00,0.00,0.00,0.00,2013-01-29,2013-02-04,1
20130122,06001,Alameda County,CA,100.00,0.00,0.00,0.00,0.00,0.00,2013-01-22,2013-01-28,1
20130115,06001,Alameda County,CA,100.00,0.00,0.00,0.00,0.00,0.00,2013-01-15,2013-01-21,1
20130108,06001,Alameda County,CA,84.35,15.65,0.00,0.00,0.00,0.00,2013-01-08,2013-01-14,1
20130101,06001,Alameda County,CA,84.42,15.58,0.00,0.00,0.00,0.00,2013-01-01,2013-01-07,1
20121225,06001,Alameda County,CA,84.42,15.58,0.00,0.00,0.00,0.00,2012-12-25,2012-12-31,1
20121218,06001,Alameda County,CA,84.42,15.58,0.00,0.00,0.00,0.00,2012-12-18,2012-12-24,1
20121211,06001,Alameda County,CA,84.42,15.58,0.00,0.00,0.00,0.00,2012-12-11,2012-12-17,1
20121204,06001,Alameda County,CA,5.70,94.30,10.92,0.00,0.00,0.00,2012-12-04,2012-12-10,1
20121127,06001,Alameda County,CA,0.00,100.00,92.98,0.00,0.00,0.00,2012-11-27,2012-12-03,1
20121120,06001,Alameda County,CA,0.00,100.00,92.98,0.00,0.00,0.00,2012-11-20,2012-11-26,1
20121113,06001,Alameda County,CA,0.00,100.00,92.98,0.00,0.00,0.00,2012-11-13,2012-11-19,1
20121106,06001,Alameda County,CA,0.00,100.00,92.98,0.00,0.00,0.00,2012-11-06,2012-11-12,1
20121030,06001,Alameda County,CA,0.00,100.00,92.98,0.00,0.00,0.00,2012-10-30,2012-11-05,1
20121023,06001,Alameda County,CA,0.00,100.00,92.98,0.00,0.00,0.00,2012-10-23,2012-10-29,1
20121016,06001,Alameda County,CA,0.00,100.00,92.98,0.00,0.00,0.00,2012-10-16,2012-10-22,1
20121009,06001,Alameda County,CA,0.00,100.00,93.29,0.00,0.00,0.00,2012-10-09,2012-10-15,1
20121002,06001,Alameda County,CA,0.00,100.00,96.14,0.00,0.00,0.00,2012-10-02,2012-10-08,1
20120925,06001,Alameda County,CA,0.00,100.00,96.14,0.00,0.00,0.00,2012-09-25,2012-10-01,1
20120918,06001,Alameda County,CA,0.00,100.00,96.14,0.00,0.00,0.00,2012-09-18,2012-09-24,1
20120911,06001,Alameda County,CA,0.00,100.00,95.36,0.00,0.00,0.00,2012-09-11,2012-09-17,1
20120904,06001,Alameda County,CA,0.00,100.00,95.65,0.00,0.00,0.00,2012-09-04,2012-09-10,1
20120828,06001,Alameda County,CA,0.00,100.00,96.24,0.00,0.00,0.00,2012-08-28,2012-09-03,1
20120821,06001,Alameda County,CA,0.00,100.00,96.18,0.00,0.00,0.00,2012-08-21,2012-08-27,1
20120814,06001,Alameda County,CA,0.00,100.00,96.18,0.00,0.00,0.00,2012-08-14,2012-08-20,1
20120807,06001,Alameda County,CA,0.00,100.00,96.52,0.00,0.00,0.00,2012-08-07,2012-08-13,1
20120731,06001,Alameda County,CA,0.00,100.00,96.52,0.00,0.00,0.00,2012-07-31,2012-08-06,1
20120724,06001,Alameda County,CA,0.00,100.00,96.52,0.00,0.00,0.00,2012-07-24,2012-07-30,1
20120717,06001,Alameda County,CA,0.00,100.00,96.52,0.00,0.00,0.00,2012-07-17,2012-07-23,1
20120710,06001,Alameda County,CA,0.00,100.00,96.52,0.00,0.00,0.00,2012-07-10,2012-07-16,1
20120703,06001,Alameda County,CA,0.00,100.00,96.23,0.00,0.00,0.00,2012-07-03,2012-07-09,1
20120626,06001,Alameda County,CA,0.00,100.00,98.02,0.00,0.00,0.00,2012-06-26,2012-07-02,1
20120619,06001,Alameda County,CA,0.00,100.00,98.02,0.00,0.00,0.00,2012-06-19,2012-06-25,1
20120612,06001,Alameda County,CA,0.00,100.00,97.71,0.00,0.00,0.00,2012-06-12,2012-06-18,1
20120605,06001,Alameda County,CA,0.00,100.00,97.71,0.00,0.00,0.00,2012-06-05,2012-06-11,1
20120529,06001,Alameda County,CA,0.00,100.00,97.71,0.00,0.00,0.00,2012-05-29,2012-06-04,1
20120522,06001,Alameda County,CA,0.00,100.00,97.71,0.00,0.00,0.00,2012-05-22,2012-05-28,1
20120515,06001,Alameda County,CA,0.00,100.00,97.71,0.00,0.00,0.00,2012-05-15,2012-05-21,1
20120508,06001,Alameda County,CA,0.00,100.00,97.71,0.00,0.00,0.00,2012-05-08,2012-05-14,1
20120501,06001,Alameda County,CA,0.00,100.00,97.71,0.00,0.00,0.00,2012-05-01,2012-05-07,1
20120424,06001,Alameda County,CA,0.00,100.00,97.71,0.00,0.00,0.00,2012-04-24,2012-04-30,1
20120417,06001,Alameda County,CA,0.00,100.00,97.71,0.00,0.00,0.00,2012-04-17,2012-04-23,1
20120410,06001,Alameda County,CA,0.00,100.00,100.00,91.31,0.00,0.00,2012-04-10,2012-04-16,1
20120403,06001,Alameda County,CA,0.00,100.00,100.00,91.31,0.00,0.00,2012-04-03,2012-04-09,1
20120327,06001,Alameda County,CA,0.00,100.00,100.00,91.31,0.00,0.00,2012-03-27,2012-04-02,1
20120320,06001,Alameda County,CA,0.00,100.00,100.00,91.31,0.00,0.00,2012-03-20,2012-03-26,1
20120313,06001,Alameda County,CA,0.00,100.00,100.00,100.00,0.00,0.00,2012-03-13,2012-03-19,1
20120306,06001,Alameda County,CA,0.00,100.00,100.00,0.00,0.00,0.00,2012-03-06,2012-03-12,1
20120228,06001,Alameda County,CA,0.00,100.00,100.00,0.00,0.00,0.00,2012-02-28,2012-03-05,1
20120221,06001,Alameda County,CA,0.00,100.00,100.00,0.00,0.00,0.00,2012-02-21,2012-02-27,1
20120214,06001,Alameda County,CA,0.00,100.00,100.00,0.00,0.00,0.00,2012-02-14,2012-02-20,1
20120207,06001,Alameda County,CA,0.00,100.00,100.00,0.00,0.00,0.00,2012-02-07,2012-02-13,1
20120131,06001,Alameda County,CA,0.00,100.00,100.00,0.00,0.00,0.00,2012-01-31,2012-02-06,1
20120124,06001,Alameda County,CA,0.00,100.00,100.00,0.00,0.00,0.00,2012-01-24,2012-01-30,1
20120117,06001,Alameda County,CA,0.00,100.00,100.00,0.00,0.00,0.00,2012-01-17,2012-01-23,1
20120110,06001,Alameda County,CA,0.00,100.00,100.00,0.00,0.00,0.00,2012-01-10,2012-01-16,1
20120103,06001,Alameda County,CA,0.00,100.00,100.00,0.00,0.00,0.00,2012-01-03,2012-01-09,1
20111227,06001,Alameda County,CA,0.00,100.00,0.00,0.00,0.00,0.00,2011-12-27,2012-01-02,1
20111220,06001,Alameda County,CA,100.00,0.00,0.00,0.00,0.00,0.00,2011-12-20,2011-12-26,1
20111213,06001,Alameda County,CA,100.00,0.00,0.00,0.00,0.00,0.00,2011-12-13,2011-12-19,1
20111206,06001,Alameda County,CA,100.00,0.00,0.00,0.00,0.00,0.00,2011-12-06,2011-12-12,1
20111129,06001,Alameda County,CA,100.00,0.00,0.00,0.00,0.00,0.00,2011-11-29,2011-12-05,1
20111122,06001,Alameda County,CA,100.00,0.00,0.00,0.00,0.00,0.00,2011-11-22,2011-11-28,1
20111115,06001,Alameda County,CA,100.00,0.00,0.00,0.00,0.00,0.00,2011-11-15,2011-11-21,1
20111108,06001,Alameda County,CA,100.00,0.00,0.00,0.00,0.00,0.00,2011-11-08,2011-11-14,1
20111101,06001,Alameda County,CA,100.00,0.00,0.00,0.00,0.00,0.00,2011-11-01,2011-11-07,1
20111025,06001,Alameda County,CA,100.00,0.00,0.00,0.00,0.00,0.00,2011-10-25,2011-10-31,1
20111018,06001,Alameda County,CA,100.00,0.00,0.00,0.00,0.00,0.00,2011-10-18,2011-10-24,1
20111011,06001,Alameda County,CA,100.00,0.00,0.00,0.00,0.00,0.00,2011-10-11,2011-10-17,1
20111004,06001,Alameda County,CA,100.00,0.00,0.00,0.00,0.00,0.00,2011-10-04,2011-10-10,1
20110927,06001,Alameda County,CA,100.00,0.00,0.00,0.00,0.00,0.00,2011-09-27,2011-10-03,1
20110920,06001,Alameda County,CA,100.00,0.00,0.00,0.00,0.00,0.00,2011-09-20,2011-09-26,1
20110913,06001,Alameda County,CA,100.00,0.00,0.00,0.00,0.00,0.00,2011-09-13,2011-09-19,1
20110906,06001,Alameda County,CA,100.00,0.00,0.00,0.00,0.00,0.00,2011-09-06,2011-09-12,1
20110830,06001,Alameda County,CA,100.00,0.00,0.00,0.00,0.00,0.00,2011-08-30,2011-09-05,1
20110823,06001,Alameda County,CA,100.00,0.00,0.00,0.00,0.00,0.00,2011-08-23,2011-08-29,1
20110816,06001,Alameda County,CA,100.00,0.00,0.00,0.00,0.00,0.00,2011-08-16,2011-08-22,1
20110809,06001,Alameda County,CA,100.00,0.00,0.00,0.00,0.00,0.00,2011-08-09,2011-08-15,1
20110802,06001,Alameda County,CA,100.00,0.00,0.00,0.00,0.00,0.00,2011-08-02,2011-08-08,1
20110726,06001,Alameda County,CA,100.00,0.00,0.00,0.00,0.00,0.00,2011-07-26,2011-08-01,1
20110719,06001,Alameda County,CA,100.00,0.00,0.00,0.00,0.00,0.00,2011-07-19,2011-07-25,1
20110712,06001,Alameda County,CA,100.00,0.00,0.00,0.00,0.00,0.00,2011-07-12,2011-07-18,1
20110705,06001,Alameda County,CA,100.00,0.00,0.00,0.00,0.00,0.00,2011-07-05,2011-07-11,1
20110628,06001,Alameda County,CA,100.00,0.00,0.00,0.00,0.00,0.00,2011-06-28,2011-07-04,1
20110621,06001,Alameda County,CA,100.00,0.00,0.00,0.00,0.00,0.00,2011-06-21,2011-06-27,1
20110614,06001,Alameda County,CA,100.00,0.00,0.00,0.00,0.00,0.00,2011-06-14,2011-06-20,1
20110607,06001,Alameda County,CA,100.00,0.00,0.00,0.00,0.00,0.00,2011-06-07,2011-06-13,1
20110531,06001,Alameda County,CA,100.00,0.00,0.00,0.00,0.00,0.00,2011-05-31,2011-06-06,1
20110524,06001,Alameda County,CA,100.00,0.00,0.00,0.00,0.00,0.00,2011-05-24,2011-05-30,1
20110517,06001,Alameda County,CA,100.00,0.00,0.00,0.00,0.00,0.00,2011-05-17,2011-05-23,1
20110510,06001,Alameda County,CA,100.00,0.00,0.00,0.00,0.00,0.00,2011-05-10,2011-05-16,1
20110503,06001,Alameda County,CA,100.00,0.00,0.00,0.00,0.00,0.00,2011-05-03,2011-05-09,1
20110426,06001,Alameda County,CA,100.00,0.00,0.00,0.00,0.00,0.00,2011-04-26,2011-05-02,1
20110419,06001,Alameda County,CA,100.00,0.00,0.00,0.00,0.00,0.00,2011-04-19,2011-04-25,1
20110412,06001,Alameda County,CA,100.00,0.00,0.00,0.00,0.00,0.00,2011-04-12,2011-04-18,1
20110405,06001,Alameda County,CA,100.00,0.00,0.00,0.00,0.00,0.00,2011-04-05,2011-04-11,1
20110329,06001,Alameda County,CA,100.00,0.00,0.00,0.00,0.00,0.00,2011-03-29,2011-04-04,1
20110322,06001,Alameda County,CA,100.00,0.00,0.00,0.00,0.00,0.00,2011-03-22,2011-03-28,1
20110315,06001,Alameda County,CA,100.00,0.00,0.00,0.00,0.00,0.00,2011-03-15,2011-03-21,1
20110308,06001,Alameda County,CA,100.00,0.00,0.00,0.00,0.00,0.00,2011-03-08,2011-03-14,1
20110301,06001,Alameda County,CA,100.00,0.00,0.00,0.00,0.00,0.00,2011-03-01,2011-03-07,1
20110222,06001,Alameda County,CA,100.00,0.00,0.00,0.00,0.00,0.00,2011-02-22,2011-02-28,1
20110215,06001,Alameda County,CA,100.00,0.00,0.00,0.00,0.00,0.00,2011-02-15,2011-02-21,1
20110208,06001,Alameda County,CA,100.00,0.00,0.00,0.00,0.00,0.00,2011-02-08,2011-02-14,1
20110201,06001,Alameda County,CA,100.00,0.00,0.00,0.00,0.00,0.00,2011-02-01,2011-02-07,1
20110125,06001,Alameda County,CA,100.00,0.00,0.00,0.00,0.00,0.00,2011-01-25,2011-01-31,1
20110118,06001,Alameda County,CA,100.00,0.00,0.00,0.00,0.00,0.00,2011-01-18,2011-01-24,1
20110111,06001,Alameda County,CA,100.00,0.00,0.00,0.00,0.00,0.00,2011-01-11,2011-01-17,1
20110104,06001,Alameda County,CA,100.00,0.00,0.00,0.00,0.00,0.00,2011-01-04,2011-01-10,1
20101228,06001,Alameda County,CA,100.00,0.00,0.00,0.00,0.00,0.00,2010-12-28,2011-01-03,1
20101221,06001,Alameda County,CA,100.00,0.00,0.00,0.00,0.00,0.00,2010-12-21,2010-12-27,1
20101214,06001,Alameda County,CA,100.00,0.00,0.00,0.00,0.00,0.00,2010-12-14,2010-12-20,1
20101207,06001,Alameda County,CA,100.00,0.00,0.00,0.00,0.00,0.00,2010-12-07,2010-12-13,1
20101130,06001,Alameda County,CA,100.00,0.00,0.00,0.00,0.00,0.00,2010-11-30,2010-12-06,1
20101123,06001,Alameda County,CA,100.00,0.00,0.00,0.00,0.00,0.00,2010-11-23,2010-11-29,1
20101116,06001,Alameda County,CA,100.00,0.00,0.00,0.00,0.00,0.00,2010-11-16,2010-11-22,1
20101109,06001,Alameda County,CA,100.00,0.00,0.00,0.00,0.00,0.00,2010-11-09,2010-11-15,1
20101102,06001,Alameda County,CA,100.00,0.00,0.00,0.00,0.00,0.00,2010-11-02,2010-11-08,1
20101026,06001,Alameda County,CA,100.00,0.00,0.00,0.00,0.00,0.00,2010-10-26,2010-11-01,1
20101019,06001,Alameda County,CA,100.00,0.00,0.00,0.00,0.00,0.00,2010-10-19,2010-10-25,1
20101012,06001,Alameda County,CA,100.00,0.00,0.00,0.00,0.00,0.00,2010-10-12,2010-10-18,1
20101005,06001,Alameda County,CA,100.00,0.00,0.00,0.00,0.00,0.00,2010-10-05,2010-10-11,1
20100928,06001,Alameda County,CA,100.00,0.00,0.00,0.00,0.00,0.00,2010-09-28,2010-10-04,1
20100921,06001,Alameda County,CA,100.00,0.00,0.00,0.00,0.00,0.00,2010-09-21,2010-09-27,1
20100914,06001,Alameda County,CA,100.00,0.00,0.00,0.00,0.00,0.00,2010-09-14,2010-09-20,1
20100907,06001,Alameda County,CA,100.00,0.00,0.00,0.00,0.00,0.00,2010-09-07,2010-09-13,1
20100831,06001,Alameda County,CA,100.00,0.00,0.00,0.00,0.00,0.00,2010-08-31,2010-09-06,1
20100824,06001,Alameda County,CA,100.00,0.00,0.00,0.00,0.00,0.00,2010-08-24,2010-08-30,1
20100817,06001,Alameda County,CA,100.00,0.00,0.00,0.00,0.00,0.00,2010-08-17,2010-08-23,1
20100810,06001,Alameda County,CA,100.00,0.00,0.00,0.00,0.00,0.00,2010-08-10,2010-08-16,1
20100803,06001,Alameda County,CA,100.00,0.00,0.00,0.00,0.00,0.00,2010-08-03,2010-08-09,1
20100727,06001,Alameda County,CA,100.00,0.00,0.00,0.00,0.00,0.00,2010-07-27,2010-08-02,1
20100720,06001,Alameda County,CA,100.00,0.00,0.00,0.00,0.00,0.00,2010-07-20,2010-07-26,1
20100713,06001,Alameda County,CA,100.00,0.00,0.00,0.00,0.00,0.00,2010-07-13,2010-07-19,1
20100706,06001,Alameda County,CA,100.00,0.00,0.00,0.00,0.00,0.00,2010-07-06,2010-07-12,1
20100629,06001,Alameda County,CA,100.00,0.00,0.00,0.00,0.00,0.00,2010-06-29,2010-07-05,1
20100622,06001,Alameda County,CA,100.00,0.00,0.00,0.00,0.00,0.00,2010-06-22,2010-06-28,1
20100615,06001,Alameda County,CA,100.00,0.00,0.00,0.00,0.00,0.00,2010-06-15,2010-06-21,1
20100608,06001,Alameda County,CA,100.00,0.00,0.00,0.00,0.00,0.00,2010-06-08,2010-06-14,1
20100601,06001,Alameda County,CA,100.00,0.00,0.00,0.00,0.00,0.00,2010-06-01,2010-06-07,1
20100525,06001,Alameda County,CA,100.00,0.00,0.00,0.00,0.00,0.00,2010-05-25,2010-05-31,1
20100518,06001,Alameda County,CA,100.00,0.00,0.00,0.00,0.00,0.00,2010-05-18,2010-05-24,1
20100511,06001,Alameda County,CA,100.00,0.00,0.00,0.00,0.00,0.00,2010-05-11,2010-05-17,1
20100504,06001,Alameda County,CA,100.00,0.00,0.00,0.00,0.00,0.00,2010-05-04,2010-05-10,1
20100427,06001,Alameda County,CA,100.00,0.00,0.00,0.00,0.00,0.00,2010-04-27,2010-05-03,1
20100420,06001,Alameda County,CA,71.20,28.80,0.00,0.00,0.00,0.00,2010-04-20,2010-04-26,1
20100413,06001,Alameda County,CA,71.20,28.80,0.00,0.00,0.00,0.00,2010-04-13,2010-04-19,1
20100406,06001,Alameda County,CA,66.13,33.87,0.00,0.00,0.00,0.00,2010-04-06,2010-04-12,1
20100330,06001,Alameda County,CA,66.13,33.87,0.00,0.00,0.00,0.00,2010-03-30,2010-04-05,1
20100323,06001,Alameda County,CA,66.13,33.87,0.00,0.00,0.00,0.00,2010-03-23,2010-03-29,1
20100316,06001,Alameda County,CA,66.13,33.87,0.00,0.00,0.00,0.00,2010-03-16,2010-03-22,1
20100309,06001,Alameda County,CA,66.13,33.87,0.00,0.00,0.00,0.00,2010-03-09,2010-03-15,1
20100302,06001,Alameda County,CA,66.13,33.87,0.00,0.00,0.00,0.00,2010-03-02,2010-03-08,1
20100223,06001,Alameda County,CA,66.13,33.87,0.00,0.00,0.00,0.00,2010-02-23,2010-03-01,1
20100216,06001,Alameda County,CA,66.13,33.87,0.00,0.00,0.00,0.00,2010-02-16,2010-02-22,1
20100209,06001,Alameda County,CA,65.67,34.33,0.00,0.00,0.00,0.00,2010-02-09,2010-02-15,1
20100202,06001,Alameda County,CA,65.67,34.33,0.00,0.00,0.00,0.00,2010-02-02,2010-02-08,1
20100126,06001,Alameda County,CA,65.23,34.77,0.00,0.00,0.00,0.00,2010-01-26,2010-02-01,1
20100119,06001,Alameda County,CA,0.00,100.00,34.12,0.00,0.00,0.00,2010-01-19,2010-01-25,1
20100112,06001,Alameda County,CA,0.00,100.00,34.12,0.00,0.00,0.00,2010-01-12,2010-01-18,1
20100105,06001,Alameda County,CA,0.00,100.00,34.12,0.00,0.00,0.00,2010-01-05,2010-01-11,1
20091229,06001,Alameda County,CA,0.00,100.00,34.12,0.00,0.00,0.00,2009-12-29,2010-01-04,1
20091222,06001,Alameda County,CA,0.00,100.00,34.12,0.00,0.00,0.00,2009-12-22,2009-12-28,1
20091215,06001,Alameda County,CA,0.00,100.00,34.12,0.00,0.00,0.00,2009-12-15,2009-12-21,1
20091208,06001,Alameda County,CA,0.00,100.00,34.12,0.00,0.00,0.00,2009-12-08,2009-12-14,1
20091201,06001,Alameda County,CA,0.00,100.00,34.12,0.00,0.00,0.00,2009-12-01,2009-12-07,1
20091124,06001,Alameda County,CA,0.00,100.00,34.12,0.00,0.00,0.00,2009-11-24,2009-11-30,1
20091117,06001,Alameda County,CA,0.00,100.00,34.12,0.00,0.00,0.00,2009-11-17,2009-11-23,1
20091110,06001,Alameda County,CA,0.00,100.00,34.12,0.00,0.00,0.00,2009-11-10,2009-11-16,1
20091103,06001,Alameda County,CA,0.00,100.00,32.02,0.00,0.00,0.00,2009-11-03,2009-11-09,1
20091027,06001,Alameda County,CA,0.00,100.00,32.02,0.00,0.00,0.00,2009-10-27,2009-11-02,1
20091020,06001,Alameda County,CA,0.00,100.00,32.02,0.00,0.00,0.00,2009-10-20,2009-10-26,1
20091013,06001,Alameda County,CA,0.00,100.00,100.00,37.68,0.00,0.00,2009-10-13,2009-10-19,1
20091006,06001,Alameda County,CA,0.00,100.00,100.00,37.68,0.00,0.00,2009-10-06,2009-10-12,1
20090929,06001,Alameda County,CA,0.00,100.00,100.00,37.68,0.00,0.00,2009-09-29,2009-10-05,1
20090922,06001,Alameda County,CA,0.00,100.00,100.00,37.68,0.00,0.00,2009-09-22,2009-09-28,1
20090915,06001,Alameda County,CA,0.00,100.00,100.00,37.68,0.00,0.00,2009-09-15,2009-09-21,1
20090908,06001,Alameda County,CA,0.00,100.00,100.00,37.68,0.00,0.00,2009-09-08,2009-09-14,1
20090901,06001,Alameda County,CA,0.00,100.00,100.00,37.68,0.00,0.00,2009-09-01,2009-09-07,1
20090825,06001,Alameda County,CA,0.00,100.00,100.00,37.68,0.00,0.00,2009-08-25,2009-08-31,1
20090818,06001,Alameda County,CA,0.00,100.00,100.00,37.68,0.00,0.00,2009-08-18,2009-08-24,1
20090811,06001,Alameda County,CA,0.00,100.00,100.00,37.68,0.00,0.00,2009-08-11,2009-08-17,1
20090804,06001,Alameda County,CA,0.00,100.00,100.00,37.68,0.00,0.00,2009-08-04,2009-08-10,1
20090728,06001,Alameda County,CA,0.00,100.00,100.00,37.68,0.00,0.00,2009-07-28,2009-08-03,1
20090721,06001,Alameda County,CA,0.00,100.00,100.00,37.68,0.00,0.00,2009-07-21,2009-07-27,1
20090714,06001,Alameda County,CA,0.00,100.00,100.00,37.68,0.00,0.00,2009-07-14,2009-07-20,1
20090707,06001,Alameda County,CA,0.00,100.00,100.00,37.68,0.00,0.00,2009-07-07,2009-07-13,1
20090630,06001,Alameda County,CA,0.00,100.00,100.00,37.68,0.00,0.00,2009-06-30,2009-07-06,1
20090623,06001,Alameda County,CA,0.00,100.00,100.00,37.68,0.00,0.00,2009-06-23,2009-06-29,1
20090616,06001,Alameda County,CA,0.00,100.00,100.00,37.68,0.00,0.00,2009-06-16,2009-06-22,1
20090609,06001,Alameda County,CA,0.00,100.00,100.00,37.68,0.00,0.00,2009-06-09,2009-06-15,1
20090602,06001,Alameda County,CA,0.00,100.00,100.00,37.68,0.00,0.00,2009-06-02,2009-06-08,1
20090526,06001,Alameda County,CA,0.00,100.00,100.00,37.68,0.00,0.00,2009-05-26,2009-06-01,1
20090519,06001,Alameda County,CA,0.00,100.00,100.00,37.68,0.00,0.00,2009-05-19,2009-05-25,1
20090512,06001,Alameda County,CA,0.00,100.00,100.00,37.68,0.00,0.00,2009-05-12,2009-05-18,1
20090505,06001,Alameda County,CA,0.00,100.00,100.00,37.68,0.00,0.00,2009-05-05,2009-05-11,1
20090428,06001,Alameda County,CA,0.00,100.00,100.00,37.68,0.00,0.00,2009-04-28,2009-05-04,1
20090421,06001,Alameda County,CA,0.00,100.00,100.00,37.68,0.00,0.00,2009-04-21,2009-04-27,1
20090414,06001,Alameda County,CA,0.00,100.00,100.00,37.68,0.00,0.00,2009-04-14,2009-04-20,1
20090407,06001,Alameda County,CA,0.00,100.00,100.00,37.68,0.00,0.00,2009-04-07,2009-04-13,1
20090331,06001,Alameda County,CA,0.00,100.00,100.00,0.00,0.00,0.00,2009-03-31,2009-04-06,1
20090324,06001,Alameda County,CA,0.00,100.00,100.00,0.00,0.00,0.00,2009-03-24,2009-03-30,1
20090317,06001,Alameda County,CA,0.00,100.00,100.00,0.00,0.00,0.00,2009-03-17,2009-03-23,1
20090310,06001,Alameda County,CA,0.00,100.00,100.00,0.00,0.00,0.00,2009-03-10,2009-03-16,1
20090303,06001,Alameda County,CA,0.00,100.00,100.00,97.89,0.00,0.00,2009-03-03,2009-03-09,1
20090224,06001,Alameda County,CA,0.00,100.00,100.00,97.89,0.00,0.00,2009-02-24,2009-03-02,1
20090217,06001,Alameda County,CA,0.00,100.00,100.00,97.89,0.00,0.00,2009-02-17,2009-02-23,1
20090210,06001,Alameda County,CA,0.00,100.00,100.00,100.00,0.00,0.00,2009-02-10,2009-02-16,1
20090203,06001,Alameda County,CA,0.00,100.00,100.00,100.00,0.00,0.00,2009-02-03,2009-02-09,1
20090127,06001,Alameda County,CA,0.00,100.00,100.00,51.90,0.00,0.00,2009-01-27,2009-02-02,1
20090120,06001,Alameda County,CA,0.00,100.00,100.00,51.90,0.00,0.00,2009-01-20,2009-01-26,1
20090113,06001,Alameda County,CA,0.00,100.00,100.00,51.88,0.00,0.00,2009-01-13,2009-01-19,1
20090106,06001,Alameda County,CA,0.00,100.00,100.00,51.88,0.00,0.00,2009-01-06,2009-01-12,1
20081230,06001,Alameda County,CA,0.00,100.00,100.00,51.88,0.00,0.00,2008-12-30,2009-01-05,1
20081223,06001,Alameda County,CA,0.00,100.00,100.00,51.88,0.00,0.00,2008-12-23,2008-12-29,1
20081216,06001,Alameda County,CA,0.00,100.00,100.00,51.88,0.00,0.00,2008-12-16,2008-12-22,1
20081209,06001,Alameda County,CA,0.00,100.00,100.00,51.88,0.00,0.00,2008-12-09,2008-12-15,1
20081202,06001,Alameda County,CA,0.00,100.00,100.00,51.88,0.00,0.00,2008-12-02,2008-12-08,1
20081125,06001,Alameda County,CA,0.00,100.00,100.00,51.88,0.00,0.00,2008-11-25,2008-12-01,1
20081118,06001,Alameda County,CA,0.00,100.00,100.00,51.88,0.00,0.00,2008-11-18,2008-11-24,1
20081111,06001,Alameda County,CA,0.00,100.00,100.00,51.88,0.00,0.00,2008-11-11,2008-11-17,1
20081104,06001,Alameda County,CA,0.00,100.00,100.00,51.88,0.00,0.00,2008-11-04,2008-11-10,1
20081028,06001,Alameda County,CA,0.00,100.00,100.00,99.81,0.00,0.00,2008-10-28,2008-11-03,1
20081021,06001,Alameda County,CA,0.00,100.00,100.00,99.67,0.00,0.00,2008-10-21,2008-10-27,1
20081014,06001,Alameda County,CA,0.00,100.00,100.00,99.72,0.00,0.00,2008-10-14,2008-10-20,1
20081007,06001,Alameda County,CA,0.00,100.00,100.00,99.80,0.00,0.00,2008-10-07,2008-10-13,1
20080930,06001,Alameda County,CA,0.00,100.00,100.00,99.80,0.00,0.00,2008-09-30,2008-10-06,1
20080923,06001,Alameda County,CA,0.00,100.00,100.00,99.80,0.00,0.00,2008-09-23,2008-09-29,1
20080916,06001,Alameda County,CA,0.00,100.00,100.00,99.80,0.00,0.00,2008-09-16,2008-09-22,1
20080909,06001,Alameda County,CA,0.00,100.00,100.00,99.80,0.00,0.00,2008-09-09,2008-09-15,1
20080902,06001,Alameda County,CA,0.00,100.00,100.00,99.80,0.00,0.00,2008-09-02,2008-09-08,1
20080826,06001,Alameda County,CA,0.00,100.00,100.00,99.80,0.00,0.00,2008-08-26,2008-09-01,1
20080819,06001,Alameda County,CA,0.00,100.00,100.00,99.80,0.00,0.00,2008-08-19,2008-08-25,1
20080812,06001,Alameda County,CA,0.00,100.00,100.00,99.80,0.00,0.00,2008-08-12,2008-08-18,1
20080805,06001,Alameda County,CA,0.00,100.00,100.00,99.80,0.00,0.00,2008-08-05,2008-08-11,1
20080729,06001,Alameda County,CA,0.00,100.00,100.00,99.80,0.00,0.00,2008-07-29,2008-08-04,1
20080722,06001,Alameda County,CA,0.00,100.00,100.00,0.00,0.00,0.00,2008-07-22,2008-07-28,1
20080715,06001,Alameda County,CA,0.00,100.00,100.00,0.00,0.00,0.00,2008-07-15,2008-07-21,1
20080708,06001,Alameda County,CA,0.00,100.00,100.00,0.00,0.00,0.00,2008-07-08,2008-07-14,1
20080701,06001,Alameda County,CA,0.00,100.00,100.00,0.00,0.00,0.00,2008-07-01,2008-07-07,1
20080624,06001,Alameda County,CA,0.00,100.00,100.00,0.00,0.00,0.00,2008-06-24,2008-06-30,1
20080617,06001,Alameda County,CA,0.00,100.00,100.00,0.00,0.00,0.00,2008-06-17,2008-06-23,1
20080610,06001,Alameda County,CA,0.00,100.00,100.00,0.00,0.00,0.00,2008-06-10,2008-06-16,1
20080603,06001,Alameda County,CA,0.00,100.00,100.00,0.00,0.00,0.00,2008-06-03,2008-06-09,1
20080527,06001,Alameda County,CA,0.00,100.00,0.00,0.00,0.00,0.00,2008-05-27,2008-06-02,1
20080520,06001,Alameda County,CA,0.00,100.00,0.00,0.00,0.00,0.00,2008-05-20,2008-05-26,1
20080513,06001,Alameda County,CA,0.00,100.00,0.00,0.00,0.00,0.00,2008-05-13,2008-05-19,1
20080506,06001,Alameda County,CA,0.00,100.00,0.00,0.00,0.00,0.00,2008-05-06,2008-05-12,1
20080429,06001,Alameda County,CA,0.00,100.00,0.00,0.00,0.00,0.00,2008-04-29,2008-05-05,1
20080422,06001,Alameda County,CA,100.00,0.00,0.00,0.00,0.00,0.00,2008-04-22,2008-04-28,1
20080415,06001,Alameda County,CA,100.00,0.00,0.00,0.00,0.00,0.00,2008-04-15,2008-04-21,1
20080408,06001,Alameda County,CA,100.00,0.00,0.00,0.00,0.00,0.00,2008-04-08,2008-04-14,1
20080401,06001,Alameda County,CA,100.00,0.00,0.00,0.00,0.00,0.00,2008-04-01,2008-04-07,1
20080325,06001,Alameda County,CA,100.00,0.00,0.00,0.00,0.00,0.00,2008-03-25,2008-03-31,1
20080318,06001,Alameda County,CA,100.00,0.00,0.00,0.00,0.00,0.00,2008-03-18,2008-03-24,1
20080311,06001,Alameda County,CA,100.00,0.00,0.00,0.00,0.00,0.00,2008-03-11,2008-03-17,1
20080304,06001,Alameda County,CA,100.00,0.00,0.00,0.00,0.00,0.00,2008-03-04,2008-03-10,1
20080226,06001,Alameda County,CA,100.00,0.00,0.00,0.00,0.00,0.00,2008-02-26,2008-03-03,1
20080219,06001,Alameda County,CA,65.37,34.63,0.00,0.00,0.00,0.00,2008-02-19,2008-02-25,1
20080212,06001,Alameda County,CA,65.37,34.63,0.00,0.00,0.00,0.00,2008-02-12,2008-02-18,1
20080205,06001,Alameda County,CA,65.37,34.63,0.00,0.00,0.00,0.00,2008-02-05,2008-02-11,1
20080129,06001,Alameda County,CA,65.37,34.63,0.00,0.00,0.00,0.00,2008-01-29,2008-02-04,1
20080122,06001,Alameda County,CA,0.00,100.00,15.32,0.00,0.00,0.00,2008-01-22,2008-01-28,1
20080115,06001,Alameda County,CA,0.00,100.00,14.16,0.00,0.00,0.00,2008-01-15,2008-01-21,1
20080108,06001,Alameda County,CA,0.00,100.00,14.16,0.00,0.00,0.00,2008-01-08,2008-01-14,1
20080101,06001,Alameda County,CA,0.00,100.00,100.00,0.00,0.00,0.00,2008-01-01,2008-01-07,1
20071225,06001,Alameda County,CA,0.00,100.00,100.00,0.00,0.00,0.00,2007-12-25,2007-12-31,1
20071218,06001,Alameda County,CA,0.00,100.00,100.00,0.00,0.00,0.00,2007-12-18,2007-12-24,1
20071211,06001,Alameda County,CA,0.00,100.00,100.00,0.00,0.00,0.00,2007-12-11,2007-12-17,1
20071204,06001,Alameda County,CA,0.00,100.00,100.00,0.00,0.00,0.00,2007-12-04,2007-12-10,1
20071127,06001,Alameda County,CA,0.00,100.00,100.00,0.00,0.00,0.00,2007-11-27,2007-12-03,1
20071120,06001,Alameda County,CA,0.00,100.00,100.00,0.00,0.00,0.00,2007-11-20,2007-11-26,1
20071113,06001,Alameda County,CA,0.00,100.00,100.00,0.00,0.00,0.00,2007-11-13,2007-11-19,1
20071106,06001,Alameda County,CA,0.00,100.00,100.00,0.00,0.00,0.00,2007-11-06,2007-11-12,1
20071030,06001,Alameda County,CA,0.00,100.00,100.00,0.00,0.00,0.00,2007-10-30,2007-11-05,1
20071023,06001,Alameda County,CA,0.00,100.00,100.00,62.22,0.00,0.00,2007-10-23,2007-10-29,1
20071016,06001,Alameda County,CA,0.00,100.00,100.00,62.22,0.00,0.00,2007-10-16,2007-10-22,1
20071009,06001,Alameda County,CA,0.00,100.00,100.00,62.22,0.00,0.00,2007-10-09,2007-10-15,1
20071002,06001,Alameda County,CA,0.00,100.00,100.00,62.22,0.00,0.00,2007-10-02,2007-10-08,1
20070925,06001,Alameda County,CA,0.00,100.00,100.00,62.22,0.00,0.00,2007-09-25,2007-10-01,1
20070918,06001,Alameda County,CA,0.00,100.00,100.00,62.22,0.00,0.00,2007-09-18,2007-09-24,1
20070911,06001,Alameda County,CA,0.00,100.00,100.00,62.22,0.00,0.00,2007-09-11,2007-09-17,1
20070904,06001,Alameda County,CA,0.00,100.00,100.00,62.22,0.00,0.00,2007-09-04,2007-09-10,1
20070828,06001,Alameda County,CA,0.00,100.00,100.00,62.22,0.00,0.00,2007-08-28,2007-09-03,1
20070821,06001,Alameda County,CA,0.00,100.00,100.00,62.22,0.00,0.00,2007-08-21,2007-08-27,1
20070814,06001,Alameda County,CA,0.00,100.00,100.00,62.22,0.00,0.00,2007-08-14,2007-08-20,1
20070807,06001,Alameda County,CA,0.00,100.00,100.00,62.22,0.00,0.00,2007-08-07,2007-08-13,1
20070731,06001,Alameda County,CA,0.00,100.00,100.00,62.22,0.00,0.00,2007-07-31,2007-08-06,1
20070724,06001,Alameda County,CA,0.00,100.00,100.00,62.22,0.00,0.00,2007-07-24,2007-07-30,1
20070717,06001,Alameda County,CA,0.00,100.00,100.00,62.22,0.00,0.00,2007-07-17,2007-07-23,1
20070710,06001,Alameda County,CA,0.00,100.00,100.00,62.22,0.00,0.00,2007-07-10,2007-07-16,1
20070703,06001,Alameda County,CA,0.00,100.00,100.00,62.22,0.00,0.00,2007-07-03,2007-07-09,1
20070626,06001,Alameda County,CA,0.00,100.00,100.00,62.22,0.00,0.00,2007-06-26,2007-07-02,1
20070619,06001,Alameda County,CA,0.00,100.00,100.00,62.22,0.00,0.00,2007-06-19,2007-06-25,1
20070612,06001,Alameda County,CA,0.00,100.00,100.00,62.22,0.00,0.00,2007-06-12,2007-06-18,1
20070605,06001,Alameda County,CA,0.00,100.00,100.00,62.22,0.00,0.00,2007-06-05,2007-06-11,1
20070529,06001,Alameda County,CA,0.00,100.00,100.00,62.22,0.00,0.00,2007-05-29,2007-06-04,1
20070522,06001,Alameda County,CA,0.00,100.00,100.00,62.22,0.00,0.00,2007-05-22,2007-05-28,1
20070515,06001,Alameda County,CA,0.00,100.00,100.00,0.00,0.00,0.00,2007-05-15,2007-05-21,1
20070508,06001,Alameda County,CA,0.00,100.00,100.00,0.00,0.00,0.00,2007-05-08,2007-05-14,1
20070501,06001,Alameda County,CA,0.00,100.00,100.00,0.00,0.00,0.00,2007-05-01,2007-05-07,1
20070424,06001,Alameda County,CA,0.00,100.00,100.00,0.00,0.00,0.00,2007-04-24,2007-04-30,1
20070417,06001,Alameda County,CA,0.00,100.00,100.00,0.00,0.00,0.00,2007-04-17,2007-04-23,1
20070410,06001,Alameda County,CA,0.00,100.00,82.79,0.00,0.00,0.00,2007-04-10,2007-04-16,1
20070403,06001,Alameda County,CA,0.00,100.00,0.00,0.00,0.00,0.00,2007-04-03,2007-04-09,1
20070327,06001,Alameda County,CA,0.00,100.00,0.00,0.00,0.00,0.00,2007-03-27,2007-04-02,1
20070320,06001,Alameda County,CA,14.34,85.66,0.00,0.00,0.00,0.00,2007-03-20,2007-03-26,1
20070313,06001,Alameda County,CA,11.42,88.58,0.00,0.00,0.00,0.00,2007-03-13,2007-03-19,1
20070306,06001,Alameda County,CA,11.42,88.58,0.00,0.00,0.00,0.00,2007-03-06,2007-03-12,1
20070227,06001,Alameda County,CA,11.42,88.58,0.00,0.00,0.00,0.00,2007-02-27,2007-03-05,1
20070220,06001,Alameda County,CA,19.91,80.09,0.00,0.00,0.00,0.00,2007-02-20,2007-02-26,1
20070213,06001,Alameda County,CA,19.91,80.09,0.00,0.00,0.00,0.00,2007-02-13,2007-02-19,1
20070206,06001,Alameda County,CA,0.00,100.00,0.00,0.00,0.00,0.00,2007-02-06,2007-02-12,1
20070130,06001,Alameda County,CA,0.00,100.00,0.00,0.00,0.00,0.00,2007-01-30,2007-02-05,1
20070123,06001,Alameda County,CA,0.00,100.00,0.00,0.00,0.00,0.00,2007-01-23,2007-01-29,1
20070116,06001,Alameda County,CA,100.00,0.00,0.00,0.00,0.00,0.00,2007-01-16,2007-01-22,1
20070109,06001,Alameda County,CA,100.00,0.00,0.00,0.00,0.00,0.00,2007-01-09,2007-01-15,1
20070102,06001,Alameda County,CA,100.00,0.00,0.00,0.00,0.00,0.00,2007-01-02,2007-01-08,1
20061226,06001,Alameda County,CA,100.00,0.00,0.00,0.00,0.00,0.00,2006-12-26,2007-01-01,1
20061219,06001,Alameda County,CA,100.00,0.00,0.00,0.00,0.00,0.00,2006-12-19,2006-12-25,1
20061212,06001,Alameda County,CA,100.00,0.00,0.00,0.00,0.00,0.00,2006-12-12,2006-12-18,1
20061205,06001,Alameda County,CA,100.00,0.00,0.00,0.00,0.00,0.00,2006-12-05,2006-12-11,1
20061128,06001,Alameda County,CA,100.00,0.00,0.00,0.00,0.00,0.00,2006-11-28,2006-12-04,1
20061121,06001,Alameda County,CA,100.00,0.00,0.00,0.00,0.00,0.00,2006-11-21,2006-11-27,1
20061114,06001,Alameda County,CA,100.00,0.00,0.00,0.00,0.00,0.00,2006-11-14,2006-11-20,1
20061107,06001,Alameda County,CA,100.00,0.00,0.00,0.00,0.00,0.00,2006-11-07,2006-11-13,1
20061031,06001,Alameda County,CA,100.00,0.00,0.00,0.00,0.00,0.00,2006-10-31,2006-11-06,1
20061024,06001,Alameda County,CA,100.00,0.00,0.00,0.00,0.00,0.00,2006-10-24,2006-10-30,1
20061017,06001,Alameda County,CA,100.00,0.00,0.00,0.00,0.00,0.00,2006-10-17,2006-10-23,1
20061010,06001,Alameda County,CA,100.00,0.00,0.00,0.00,0.00,0.00,2006-10-10,2006-10-16,1
20061003,06001,Alameda County,CA,100.00,0.00,0.00,0.00,0.00,0.00,2006-10-03,2006-10-09,1
20060926,06001,Alameda County,CA,100.00,0.00,0.00,0.00,0.00,0.00,2006-09-26,2006-10-02,1
20060919,06001,Alameda County,CA,100.00,0.00,0.00,0.00,0.00,0.00,2006-09-19,2006-09-25,1
20060912,06001,Alameda County,CA,100.00,0.00,0.00,0.00,0.00,0.00,2006-09-12,2006-09-18,1
20060905,06001,Alameda County,CA,100.00,0.00,0.00,0.00,0.00,0.00,2006-09-05,2006-09-11,1
20060829,06001,Alameda County,CA,100.00,0.00,0.00,0.00,0.00,0.00,2006-08-29,2006-09-04,1
20060822,06001,Alameda County,CA,100.00,0.00,0.00,0.00,0.00,0.00,2006-08-22,2006-08-28,1
20060815,06001,Alameda County,CA,100.00,0.00,0.00,0.00,0.00,0.00,2006-08-15,2006-08-21,1
20060808,06001,Alameda County,CA,100.00,0.00,0.00,0.00,0.00,0.00,2006-08-08,2006-08-14,1
20060801,06001,Alameda County,CA,100.00,0.00,0.00,0.00,0.00,0.00,2006-08-01,2006-08-07,1
20060725,06001,Alameda County,CA,100.00,0.00,0.00,0.00,0.00,0.00,2006-07-25,2006-07-31,1
20060718,06001,Alameda County,CA,100.00,0.00,0.00,0.00,0.00,0.00,2006-07-18,2006-07-24,1
20060711,06001,Alameda County,CA,100.00,0.00,0.00,0.00,0.00,0.00,2006-07-11,2006-07-17,1
20060704,06001,Alameda County,CA,100.00,0.00,0.00,0.00,0.00,0.00,2006-07-04,2006-07-10,1
20060627,06001,Alameda County,CA,100.00,0.00,0.00,0.00,0.00,0.00,2006-06-27,2006-07-03,1
20060620,06001,Alameda County,CA,100.00,0.00,0.00,0.00,0.00,0.00,2006-06-20,2006-06-26,1
20060613,06001,Alameda County,CA,100.00,0.00,0.00,0.00,0.00,0.00,2006-06-13,2006-06-19,1
20060606,06001,Alameda County,CA,100.00,0.00,0.00,0.00,0.00,0.00,2006-06-06,2006-06-12,1
20060530,06001,Alameda County,CA,100.00,0.00,0.00,0.00,0.00,0.00,2006-05-30,2006-06-05,1
20060523,06001,Alameda County,CA,100.00,0.00,0.00,0.00,0.00,0.00,2006-05-23,2006-05-29,1
20060516,06001,Alameda County,CA,100.00,0.00,0.00,0.00,0.00,0.00,2006-05-16,2006-05-22,1
20060509,06001,Alameda County,CA,100.00,0.00,0.00,0.00,0.00,0.00,2006-05-09,2006-05-15,1
20060502,06001,Alameda County,CA,100.00,0.00,0.00,0.00,0.00,0.00,2006-05-02,2006-05-08,1
20060425,06001,Alameda County,CA,100.00,0.00,0.00,0.00,0.00,0.00,2006-04-25,2006-05-01,1
20060418,06001,Alameda County,CA,100.00,0.00,0.00,0.00,0.00,0.00,2006-04-18,2006-04-24,1
20060411,06001,Alameda County,CA,100.00,0.00,0.00,0.00,0.00,0.00,2006-04-11,2006-04-17,1
20060404,06001,Alameda County,CA,100.00,0.00,0.00,0.00,0.00,0.00,2006-04-04,2006-04-10,1
20060328,06001,Alameda County,CA,100.00,0.00,0.00,0.00,0.00,0.00,2006-03-28,2006-04-03,1
20060321,06001,Alameda County,CA,100.00,0.00,0.00,0.00,0.00,0.00,2006-03-21,2006-03-27,1
20060314,06001,Alameda County,CA,100.00,0.00,0.00,0.00,0.00,0.00,2006-03-14,2006-03-20,1
20060307,06001,Alameda County,CA,100.00,0.00,0.00,0.00,0.00,0.00,2006-03-07,2006-03-13,1
20060228,06001,Alameda County,CA,100.00,0.00,0.00,0.00,0.00,0.00,2006-02-28,2006-03-06,1
20060221,06001,Alameda County,CA,100.00,0.00,0.00,0.00,0.00,0.00,2006-02-21,2006-02-27,1
20060214,06001,Alameda County,CA,100.00,0.00,0.00,0.00,0.00,0.00,2006-02-14,2006-02-20,1
20060207,06001,Alameda County,CA,100.00,0.00,0.00,0.00,0.00,0.00,2006-02-07,2006-02-13,1
20060131,06001,Alameda County,CA,100.00,0.00,0.00,0.00,0.00,0.00,2006-01-31,2006-02-06,1
20060124,06001,Alameda County,CA,100.00,0.00,0.00,0.00,0.00,0.00,2006-01-24,2006-01-30,1
20060117,06001,Alameda County,CA,100.00,0.00,0.00,0.00,0.00,0.00,2006-01-17,2006-01-23,1
20060110,06001,Alameda County,CA,100.00,0.00,0.00,0.00,0.00,0.00,2006-01-10,2006-01-16,1
20060103,06001,Alameda County,CA,100.00,0.00,0.00,0.00,0.00,0.00,2006-01-03,2006-01-09,1
20051227,06001,Alameda County,CA,100.00,0.00,0.00,0.00,0.00,0.00,2005-12-27,2006-01-02,1
20051220,06001,Alameda County,CA,100.00,0.00,0.00,0.00,0.00,0.00,2005-12-20,2005-12-26,1
20051213,06001,Alameda County,CA,100.00,0.00,0.00,0.00,0.00,0.00,2005-12-13,2005-12-19,1
20051206,06001,Alameda County,CA,100.00,0.00,0.00,0.00,0.00,0.00,2005-12-06,2005-12-12,1
20051129,06001,Alameda County,CA,14.09,85.91,0.00,0.00,0.00,0.00,2005-11-29,2005-12-05,1
20051122,06001,Alameda County,CA,100.00,0.00,0.00,0.00,0.00,0.00,2005-11-22,2005-11-28,1
20051115,06001,Alameda County,CA,100.00,0.00,0.00,0.00,0.00,0.00,2005-11-15,2005-11-21,1
20051108,06001,Alameda County,CA,100.00,0.00,0.00,0.00,0.00,0.00,2005-11-08,2005-11-14,1
20051101,06001,Alameda County,CA,100.00,0.00,0.00,0.00,0.00,0.00,2005-11-01,2005-11-07,1
20051025,06001,Alameda County,CA,100.00,0.00,0.00,0.00,0.00,0.00,2005-10-25,2005-10-31,1
20051018,06001,Alameda County,CA,100.00,0.00,0.00,0.00,0.00,0.00,2005-10-18,2005-10-24,1
20051011,06001,Alameda County,CA,100.00,0.00,0.00,0.00,0.00,0.00,2005-10-11,2005-10-17,1
20051004,06001,Alameda County,CA,100.00,0.00,0.00,0.00,0.00,0.00,2005-10-04,2005-10-10,1
20050927,06001,Alameda County,CA,100.00,0.00,0.00,0.00,0.00,0.00,2005-09-27,2005-10-03,1
20050920,06001,Alameda County,CA,100.00,0.00,0.00,0.00,0.00,0.00,2005-09-20,2005-09-26,1
20050913,06001,Alameda County,CA,100.00,0.00,0.00,0.00,0.00,0.00,2005-09-13,2005-09-19,1
20050906,06001,Alameda County,CA,100.00,0.00,0.00,0.00,0.00,0.00,2005-09-06,2005-09-12,1
20050830,06001,Alameda County,CA,100.00,0.00,0.00,0.00,0.00,0.00,2005-08-30,2005-09-05,1
20050823,06001,Alameda County,CA,100.00,0.00,0.00,0.00,0.00,0.00,2005-08-23,2005-08-29,1
20050816,06001,Alameda County,CA,100.00,0.00,0.00,0.00,0.00,0.00,2005-08-16,2005-08-22,1
20050809,06001,Alameda County,CA,100.00,0.00,0.00,0.00,0.00,0.00,2005-08-09,2005-08-15,1
20050802,06001,Alameda County,CA,100.00,0.00,0.00,0.00,0.00,0.00,2005-08-02,2005-08-08,1
20050726,06001,Alameda County,CA,100.00,0.00,0.00,0.00,0.00,0.00,2005-07-26,2005-08-01,1
20050719,06001,Alameda County,CA,100.00,0.00,0.00,0.00,0.00,0.00,2005-07-19,2005-07-25,1
20050712,06001,Alameda County,CA,100.00,0.00,0.00,0.00,0.00,0.00,2005-07-12,2005-07-18,1
20050705,06001,Alameda County,CA,100.00,0.00,0.00,0.00,0.00,0.00,2005-07-05,2005-07-11,1
20050628,06001,Alameda County,CA,100.00,0.00,0.00,0.00,0.00,0.00,2005-06-28,2005-07-04,1
20050621,06001,Alameda County,CA,100.00,0.00,0.00,0.00,0.00,0.00,2005-06-21,2005-06-27,1
20050614,06001,Alameda County,CA,100.00,0.00,0.00,0.00,0.00,0.00,2005-06-14,2005-06-20,1
20050607,06001,Alameda County,CA,100.00,0.00,0.00,0.00,0.00,0.00,2005-06-07,2005-06-13,1
20050531,06001,Alameda County,CA,100.00,0.00,0.00,0.00,0.00,0.00,2005-05-31,2005-06-06,1
20050524,06001,Alameda County,CA,100.00,0.00,0.00,0.00,0.00,0.00,2005-05-24,2005-05-30,1
20050517,06001,Alameda County,CA,100.00,0.00,0.00,0.00,0.00,0.00,2005-05-17,2005-05-23,1
20050510,06001,Alameda County,CA,100.00,0.00,0.00,0.00,0.00,0.00,2005-05-10,2005-05-16,1
20050503,06001,Alameda County,CA,100.00,0.00,0.00,0.00,0.00,0.00,2005-05-03,2005-05-09,1
20050426,06001,Alameda County,CA,100.00,0.00,0.00,0.00,0.00,0.00,2005-04-26,2005-05-02,1
20050419,06001,Alameda County,CA,100.00,0.00,0.00,0.00,0.00,0.00,2005-04-19,2005-04-25,1
20050412,06001,Alameda County,CA,100.00,0.00,0.00,0.00,0.00,0.00,2005-04-12,2005-04-18,1
20050405,06001,Alameda County,CA,100.00,0.00,0.00,0.00,0.00,0.00,2005-04-05,2005-04-11,1
20050329,06001,Alameda County,CA,100.00,0.00,0.00,0.00,0.00,0.00,2005-03-29,2005-04-04,1
20050322,06001,Alameda County,CA,100.00,0.00,0.00,0.00,0.00,0.00,2005-03-22,2005-03-28,1
20050315,06001,Alameda County,CA,100.00,0.00,0.00,0.00,0.00,0.00,2005-03-15,2005-03-21,1
20050308,06001,Alameda County,CA,100.00,0.00,0.00,0.00,0.00,0.00,2005-03-08,2005-03-14,1
20050301,06001,Alameda County,CA,100.00,0.00,0.00,0.00,0.00,0.00,2005-03-01,2005-03-07,1
20050222,06001,Alameda County,CA,100.00,0.00,0.00,0.00,0.00,0.00,2005-02-22,2005-02-28,1
20050215,06001,Alameda County,CA,100.00,0.00,0.00,0.00,0.00,0.00,2005-02-15,2005-02-21,1
20050208,06001,Alameda County,CA,100.00,0.00,0.00,0.00,0.00,0.00,2005-02-08,2005-02-14,1
20050201,06001,Alameda County,CA,100.00,0.00,0.00,0.00,0.00,0.00,2005-02-01,2005-02-07,1
20050125,06001,Alameda County,CA,100.00,0.00,0.00,0.00,0.00,0.00,2005-01-25,2005-01-31,1
20050118,06001,Alameda County,CA,100.00,0.00,0.00,0.00,0.00,0.00,2005-01-18,2005-01-24,1
20050111,06001,Alameda County,CA,100.00,0.00,0.00,0.00,0.00,0.00,2005-01-11,2005-01-17,1
20050104,06001,Alameda County,CA,100.00,0.00,0.00,0.00,0.00,0.00,2005-01-04,2005-01-10,1
20041228,06001,Alameda County,CA,100.00,0.00,0.00,0.00,0.00,0.00,2004-12-28,2005-01-03,1
20041221,06001,Alameda County,CA,100.00,0.00,0.00,0.00,0.00,0.00,2004-12-21,2004-12-27,1
20041214,06001,Alameda County,CA,100.00,0.00,0.00,0.00,0.00,0.00,2004-12-14,2004-12-20,1
20041207,06001,Alameda County,CA,100.00,0.00,0.00,0.00,0.00,0.00,2004-12-07,2004-12-13,1
20041130,06001,Alameda County,CA,100.00,0.00,0.00,0.00,0.00,0.00,2004-11-30,2004-12-06,1
20041123,06001,Alameda County,CA,99.94,0.06,0.00,0.00,0.00,0.00,2004-11-23,2004-11-29,1
20041116,06001,Alameda County,CA,99.94,0.06,0.00,0.00,0.00,0.00,2004-11-16,2004-11-22,1
20041109,06001,Alameda County,CA,99.85,0.15,0.00,0.00,0.00,0.00,2004-11-09,2004-11-15,1
20041102,06001,Alameda County,CA,99.85,0.15,0.00,0.00,0.00,0.00,2004-11-02,2004-11-08,1
20041026,06001,Alameda County,CA,99.90,0.10,0.00,0.00,0.00,0.00,2004-10-26,2004-11-01,1
20041019,06001,Alameda County,CA,0.00,100.00,0.00,0.00,0.00,0.00,2004-10-19,2004-10-25,1
20041012,06001,Alameda County,CA,0.00,100.00,0.00,0.00,0.00,0.00,2004-10-12,2004-10-18,1
20041005,06001,Alameda County,CA,0.00,100.00,0.00,0.00,0.00,0.00,2004-10-05,2004-10-11,1
20040928,06001,Alameda County,CA,0.00,100.00,0.00,0.00,0.00,0.00,2004-09-28,2004-10-04,1
20040921,06001,Alameda County,CA,0.00,100.00,0.00,0.00,0.00,0.00,2004-09-21,2004-09-27,1
20040914,06001,Alameda County,CA,0.00,100.00,0.00,0.00,0.00,0.00,2004-09-14,2004-09-20,1
20040907,06001,Alameda County,CA,0.00,100.00,0.00,0.00,0.00,0.00,2004-09-07,2004-09-13,1
20040831,06001,Alameda County,CA,0.00,100.00,0.00,0.00,0.00,0.00,2004-08-31,2004-09-06,1
20040824,06001,Alameda County,CA,36.59,63.41,0.00,0.00,0.00,0.00,2004-08-24,2004-08-30,1
20040817,06001,Alameda County,CA,36.59,63.41,0.00,0.00,0.00,0.00,2004-08-17,2004-08-23,1
20040810,06001,Alameda County,CA,36.59,63.41,0.00,0.00,0.00,0.00,2004-08-10,2004-08-16,1
20040803,06001,Alameda County,CA,69.02,30.98,0.00,0.00,0.00,0.00,2004-08-03,2004-08-09,1
20040727,06001,Alameda County,CA,58.42,41.58,0.00,0.00,0.00,0.00,2004-07-27,2004-08-02,1
20040720,06001,Alameda County,CA,58.42,41.58,0.00,0.00,0.00,0.00,2004-07-20,2004-07-26,1
20040713,06001,Alameda County,CA,58.42,41.58,0.00,0.00,0.00,0.00,2004-07-13,2004-07-19,1
20040706,06001,Alameda County,CA,58.42,41.58,0.00,0.00,0.00,0.00,2004-07-06,2004-07-12,1
20040629,06001,Alameda County,CA,56.24,43.76,0.00,0.00,0.00,0.00,2004-06-29,2004-07-05,1
20040622,06001,Alameda County,CA,58.42,41.58,0.00,0.00,0.00,0.00,2004-06-22,2004-06-28,1
20040615,06001,Alameda County,CA,54.78,45.22,0.00,0.00,0.00,0.00,2004-06-15,2004-06-21,1
20040608,06001,Alameda County,CA,54.78,45.22,0.00,0.00,0.00,0.00,2004-06-08,2004-06-14,1
20040601,06001,Alameda County,CA,61.20,38.80,0.00,0.00,0.00,0.00,2004-06-01,2004-06-07,1
20040525,06001,Alameda County,CA,44.68,55.32,0.00,0.00,0.00,0.00,2004-05-25,2004-05-31,1
20040518,06001,Alameda County,CA,53.87,46.13,0.00,0.00,0.00,0.00,2004-05-18,2004-05-24,1
20040511,06001,Alameda County,CA,53.87,46.13,0.00,0.00,0.00,0.00,2004-05-11,2004-05-17,1
20040504,06001,Alameda County,CA,50.49,49.51,0.00,0.00,0.00,0.00,2004-05-04,2004-05-10,1
20040427,06001,Alameda County,CA,89.33,10.67,0.00,0.00,0.00,0.00,2004-04-27,2004-05-03,1
20040420,06001,Alameda County,CA,89.33,10.67,0.00,0.00,0.00,0.00,2004-04-20,2004-04-26,1
20040413,06001,Alameda County,CA,89.33,10.67,0.00,0.00,0.00,0.00,2004-04-13,2004-04-19,1
20040406,06001,Alameda County,CA,100.00,0.00,0.00,0.00,0.00,0.00,2004-04-06,2004-04-12,1
20040330,06001,Alameda County,CA,100.00,0.00,0.00,0.00,0.00,0.00,2004-03-30,2004-04-05,1
20040323,06001,Alameda County,CA,100.00,0.00,0.00,0.00,0.00,0.00,2004-03-23,2004-03-29,1
20040316,06001,Alameda County,CA,100.00,0.00,0.00,0.00,0.00,0.00,2004-03-16,2004-03-22,1
20040309,06001,Alameda County,CA,100.00,0.00,0.00,0.00,0.00,0.00,2004-03-09,2004-03-15,1
20040302,06001,Alameda County,CA,100.00,0.00,0.00,0.00,0.00,0.00,2004-03-02,2004-03-08,1
20040224,06001,Alameda County,CA,100.00,0.00,0.00,0.00,0.00,0.00,2004-02-24,2004-03-01,1
20040217,06001,Alameda County,CA,100.00,0.00,0.00,0.00,0.00,0.00,2004-02-17,2004-02-23,1
20040210,06001,Alameda County,CA,100.00,0.00,0.00,0.00,0.00,0.00,2004-02-10,2004-02-16,1
20040203,06001,Alameda County,CA,100.00,0.00,0.00,0.00,0.00,0.00,2004-02-03,2004-02-09,1
20040127,06001,Alameda County,CA,100.00,0.00,0.00,0.00,0.00,0.00,2004-01-27,2004-02-02,1
20040120,06001,Alameda County,CA,100.00,0.00,0.00,0.00,0.00,0.00,2004-01-20,2004-01-26,1
20040113,06001,Alameda County,CA,100.00,0.00,0.00,0.00,0.00,0.00,2004-01-13,2004-01-19,1
20040106,06001,Alameda County,CA,100.00,0.00,0.00,0.00,0.00,0.00,2004-01-06,2004-01-12,1
20031230,06001,Alameda County,CA,100.00,0.00,0.00,0.00,0.00,0.00,2003-12-30,2004-01-05,1
20031223,06001,Alameda County,CA,100.00,0.00,0.00,0.00,0.00,0.00,2003-12-23,2003-12-29,1
20031216,06001,Alameda County,CA,100.00,0.00,0.00,0.00,0.00,0.00,2003-12-16,2003-12-22,1
20031209,06001,Alameda County,CA,100.00,0.00,0.00,0.00,0.00,0.00,2003-12-09,2003-12-15,1
20031202,06001,Alameda County,CA,100.00,0.00,0.00,0.00,0.00,0.00,2003-12-02,2003-12-08,1
20031125,06001,Alameda County,CA,100.00,0.00,0.00,0.00,0.00,0.00,2003-11-25,2003-12-01,1
20031118,06001,Alameda County,CA,100.00,0.00,0.00,0.00,0.00,0.00,2003-11-18,2003-11-24,1
20031111,06001,Alameda County,CA,100.00,0.00,0.00,0.00,0.00,0.00,2003-11-11,2003-11-17,1
20031104,06001,Alameda County,CA,100.00,0.00,0.00,0.00,0.00,0.00,2003-11-04,2003-11-10,1
20031028,06001,Alameda County,CA,0.00,100.00,0.00,0.00,0.00,0.00,2003-10-28,2003-11-03,1
20031021,06001,Alameda County,CA,8.31,91.69,0.00,0.00,0.00,0.00,2003-10-21,2003-10-27,1
20031014,06001,Alameda County,CA,15.58,84.42,0.00,0.00,0.00,0.00,2003-10-14,2003-10-20,1
20031007,06001,Alameda County,CA,100.00,0.00,0.00,0.00,0.00,0.00,2003-10-07,2003-10-13,1
20030930,06001,Alameda County,CA,100.00,0.00,0.00,0.00,0.00,0.00,2003-09-30,2003-10-06,1
20030923,06001,Alameda County,CA,100.00,0.00,0.00,0.00,0.00,0.00,2003-09-23,2003-09-29,1
20030916,06001,Alameda County,CA,100.00,0.00,0.00,0.00,0.00,0.00,2003-09-16,2003-09-22,1
20030909,06001,Alameda County,CA,100.00,0.00,0.00,0.00,0.00,0.00,2003-09-09,2003-09-15,1
20030902,06001,Alameda County,CA,100.00,0.00,0.00,0.00,0.00,0.00,2003-09-02,2003-09-08,1
20030826,06001,Alameda County,CA,100.00,0.00,0.00,0.00,0.00,0.00,2003-08-26,2003-09-01,1
20030819,06001,Alameda County,CA,100.00,0.00,0.00,0.00,0.00,0.00,2003-08-19,2003-08-25,1
20030812,06001,Alameda County,CA,100.00,0.00,0.00,0.00,0.00,0.00,2003-08-12,2003-08-18,1
20030805,06001,Alameda County,CA,100.00,0.00,0.00,0.00,0.00,0.00,2003-08-05,2003-08-11,1
20030729,06001,Alameda County,CA,100.00,0.00,0.00,0.00,0.00,0.00,2003-07-29,2003-08-04,1
20030722,06001,Alameda County,CA,100.00,0.00,0.00,0.00,0.00,0.00,2003-07-22,2003-07-28,1
20030715,06001,Alameda County,CA,100.00,0.00,0.00,0.00,0.00,0.00,2003-07-15,2003-07-21,1
20030708,06001,Alameda County,CA,100.00,0.00,0.00,0.00,0.00,0.00,2003-07-08,2003-07-14,1
20030701,06001,Alameda County,CA,100.00,0.00,0.00,0.00,0.00,0.00,2003-07-01,2003-07-07,1
20030624,06001,Alameda County,CA,100.00,0.00,0.00,0.00,0.00,0.00,2003-06-24,2003-06-30,1
20030617,06001,Alameda County,CA,100.00,0.00,0.00,0.00,0.00,0.00,2003-06-17,2003-06-23,1
20030610,06001,Alameda County,CA,100.00,0.00,0.00,0.00,0.00,0.00,2003-06-10,2003-06-16,1
20030603,06001,Alameda County,CA,100.00,0.00,0.00,0.00,0.00,0.00,2003-06-03,2003-06-09,1
20030527,06001,Alameda County,CA,100.00,0.00,0.00,0.00,0.00,0.00,2003-05-27,2003-06-02,1
20030520,06001,Alameda County,CA,100.00,0.00,0.00,0.00,0.00,0.00,2003-05-20,2003-05-26,1
20030513,06001,Alameda County,CA,100.00,0.00,0.00,0.00,0.00,0.00,2003-05-13,2003-05-19,1
20030506,06001,Alameda County,CA,100.00,0.00,0.00,0.00,0.00,0.00,2003-05-06,2003-05-12,1
20030429,06001,Alameda County,CA,100.00,0.00,0.00,0.00,0.00,0.00,2003-04-29,2003-05-05,1
20030422,06001,Alameda County,CA,100.00,0.00,0.00,0.00,0.00,0.00,2003-04-22,2003-04-28,1
20030415,06001,Alameda County,CA,100.00,0.00,0.00,0.00,0.00,0.00,2003-04-15,2003-04-21,1
20030408,06001,Alameda County,CA,91.60,8.40,0.00,0.00,0.00,0.00,2003-04-08,2003-04-14,1
20030401,06001,Alameda County,CA,95.12,4.88,0.00,0.00,0.00,0.00,2003-04-01,2003-04-07,1
20030325,06001,Alameda County,CA,100.00,0.00,0.00,0.00,0.00,0.00,2003-03-25,2003-03-31,1
20030318,06001,Alameda County,CA,100.00,0.00,0.00,0.00,0.00,0.00,2003-03-18,2003-03-24,1
20030311,06001,Alameda County,CA,100.00,0.00,0.00,0.00,0.00,0.00,2003-03-11,2003-03-17,1
20030304,06001,Alameda County,CA,100.00,0.00,0.00,0.00,0.00,0.00,2003-03-04,2003-03-10,1
20030225,06001,Alameda County,CA,100.00,0.00,0.00,0.00,0.00,0.00,2003-02-25,2003-03-03,1
20030218,06001,Alameda County,CA,100.00,0.00,0.00,0.00,0.00,0.00,2003-02-18,2003-02-24,1
20030211,06001,Alameda County,CA,100.00,0.00,0.00,0.00,0.00,0.00,2003-02-11,2003-02-17,1
20030204,06001,Alameda County,CA,100.00,0.00,0.00,0.00,0.00,0.00,2003-02-04,2003-02-10,1
20030128,06001,Alameda County,CA,100.00,0.00,0.00,0.00,0.00,0.00,2003-01-28,2003-02-03,1
20030121,06001,Alameda County,CA,100.00,0.00,0.00,0.00,0.00,0.00,2003-01-21,2003-01-27,1
20030114,06001,Alameda County,CA,100.00,0.00,0.00,0.00,0.00,0.00,2003-01-14,2003-01-20,1
20030107,06001,Alameda County,CA,100.00,0.00,0.00,0.00,0.00,0.00,2003-01-07,2003-01-13,1
20021231,06001,Alameda County,CA,100.00,0.00,0.00,0.00,0.00,0.00,2002-12-31,2003-01-06,1
20021224,06001,Alameda County,CA,100.00,0.00,0.00,0.00,0.00,0.00,2002-12-24,2002-12-30,1
20021217,06001,Alameda County,CA,100.00,0.00,0.00,0.00,0.00,0.00,2002-12-17,2002-12-23,1
20021210,06001,Alameda County,CA,0.00,100.00,0.00,0.00,0.00,0.00,2002-12-10,2002-12-16,1
20021203,06001,Alameda County,CA,0.00,100.00,0.00,0.00,0.00,0.00,2002-12-03,2002-12-09,1
20021126,06001,Alameda County,CA,0.00,100.00,0.00,0.00,0.00,0.00,2002-11-26,2002-12-02,1
20021119,06001,Alameda County,CA,0.00,100.00,0.00,0.00,0.00,0.00,2002-11-19,2002-11-25,1
20021112,06001,Alameda County,CA,0.00,100.00,0.00,0.00,0.00,0.00,2002-11-12,2002-11-18,1
20021105,06001,Alameda County,CA,0.00,100.00,0.00,0.00,0.00,0.00,2002-11-05,2002-11-11,1
20021029,06001,Alameda County,CA,0.00,100.00,0.00,0.00,0.00,0.00,2002-10-29,2002-11-04,1
20021022,06001,Alameda County,CA,0.00,100.00,0.00,0.00,0.00,0.00,2002-10-22,2002-10-28,1
20021015,06001,Alameda County,CA,0.00,100.00,0.00,0.00,0.00,0.00,2002-10-15,2002-10-21,1
20021008,06001,Alameda County,CA,0.00,100.00,0.00,0.00,0.00,0.00,2002-10-08,2002-10-14,1
20021001,06001,Alameda County,CA,0.00,100.00,0.00,0.00,0.00,0.00,2002-10-01,2002-10-07,1
20020924,06001,Alameda County,CA,0.00,100.00,0.00,0.00,0.00,0.00,2002-09-24,2002-09-30,1
20020917,06001,Alameda County,CA,0.00,100.00,0.00,0.00,0.00,0.00,2002-09-17,2002-09-23,1
20020910,06001,Alameda County,CA,0.00,100.00,0.00,0.00,0.00,0.00,2002-09-10,2002-09-16,1
20020903,06001,Alameda County,CA,0.00,100.00,0.00,0.00,0.00,0.00,2002-09-03,2002-09-09,1
20020827,06001,Alameda County,CA,0.00,100.00,0.00,0.00,0.00,0.00,2002-08-27,2002-09-02,1
20020820,06001,Alameda County,CA,0.00,100.00,0.00,0.00,0.00,0.00,2002-08-20,2002-08-26,1
20020813,06001,Alameda County,CA,0.00,100.00,0.00,0.00,0.00,0.00,2002-08-13,2002-08-19,1
20020806,06001,Alameda County,CA,0.00,100.00,0.00,0.00,0.00,0.00,2002-08-06,2002-08-12,1
20020730,06001,Alameda County,CA,0.00,100.00,0.00,0.00,0.00,0.00,2002-07-30,2002-08-05,1
20020723,06001,Alameda County,CA,0.00,100.00,0.00,0.00,0.00,0.00,2002-07-23,2002-07-29,1
20020716,06001,Alameda County,CA,0.00,100.00,0.00,0.00,0.00,0.00,2002-07-16,2002-07-22,1
20020709,06001,Alameda County,CA,0.00,100.00,0.00,0.00,0.00,0.00,2002-07-09,2002-07-15,1
20020702,06001,Alameda County,CA,0.00,100.00,0.00,0.00,0.00,0.00,2002-07-02,2002-07-08,1
20020625,06001,Alameda County,CA,0.00,100.00,0.00,0.00,0.00,0.00,2002-06-25,2002-07-01,1
20020618,06001,Alameda County,CA,0.00,100.00,0.00,0.00,0.00,0.00,2002-06-18,2002-06-24,1
20020611,06001,Alameda County,CA,0.00,100.00,0.00,0.00,0.00,0.00,2002-06-11,2002-06-17,1
20020604,06001,Alameda County,CA,0.00,100.00,0.00,0.00,0.00,0.00,2002-06-04,2002-06-10,1
20020528,06001,Alameda County,CA,0.00,100.00,0.00,0.00,0.00,0.00,2002-05-28,2002-06-03,1
20020521,06001,Alameda County,CA,100.00,0.00,0.00,0.00,0.00,0.00,2002-05-21,2002-05-27,1
20020514,06001,Alameda County,CA,100.00,0.00,0.00,0.00,0.00,0.00,2002-05-14,2002-05-20,1
20020507,06001,Alameda County,CA,100.00,0.00,0.00,0.00,0.00,0.00,2002-05-07,2002-05-13,1
20020430,06001,Alameda County,CA,100.00,0.00,0.00,0.00,0.00,0.00,2002-04-30,2002-05-06,1
20020423,06001,Alameda County,CA,100.00,0.00,0.00,0.00,0.00,0.00,2002-04-23,2002-04-29,1
20020416,06001,Alameda County,CA,100.00,0.00,0.00,0.00,0.00,0.00,2002-04-16,2002-04-22,1
20020409,06001,Alameda County,CA,100.00,0.00,0.00,0.00,0.00,0.00,2002-04-09,2002-04-15,1
20020402,06001,Alameda County,CA,100.00,0.00,0.00,0.00,0.00,0.00,2002-04-02,2002-04-08,1
20020326,06001,Alameda County,CA,100.00,0.00,0.00,0.00,0.00,0.00,2002-03-26,2002-04-01,1
20020319,06001,Alameda County,CA,100.00,0.00,0.00,0.00,0.00,0.00,2002-03-19,2002-03-25,1
20020312,06001,Alameda County,CA,100.00,0.00,0.00,0.00,0.00,0.00,2002-03-12,2002-03-18,1
20020305,06001,Alameda County,CA,100.00,0.00,0.00,0.00,0.00,0.00,2002-03-05,2002-03-11,1
20020226,06001,Alameda County,CA,100.00,0.00,0.00,0.00,0.00,0.00,2002-02-26,2002-03-04,1
20020219,06001,Alameda County,CA,100.00,0.00,0.00,0.00,0.00,0.00,2002-02-19,2002-02-25,1
20020212,06001,Alameda County,CA,100.00,0.00,0.00,0.00,0.00,0.00,2002-02-12,2002-02-18,1
20020205,06001,Alameda County,CA,100.00,0.00,0.00,0.00,0.00,0.00,2002-02-05,2002-02-11,1
20020129,06001,Alameda County,CA,100.00,0.00,0.00,0.00,0.00,0.00,2002-01-29,2002-02-04,1
20020122,06001,Alameda County,CA,100.00,0.00,0.00,0.00,0.00,0.00,2002-01-22,2002-01-28,1
20020115,06001,Alameda County,CA,100.00,0.00,0.00,0.00,0.00,0.00,2002-01-15,2002-01-21,1
20020108,06001,Alameda County,CA,100.00,0.00,0.00,0.00,0.00,0.00,2002-01-08,2002-01-14,1
20020101,06001,Alameda County,CA,100.00,0.00,0.00,0.00,0.00,0.00,2002-01-01,2002-01-07,1
20011225,06001,Alameda County,CA,100.00,0.00,0.00,0.00,0.00,0.00,2001-12-25,2001-12-31,1
20011218,06001,Alameda County,CA,95.95,4.05,0.00,0.00,0.00,0.00,2001-12-18,2001-12-24,1
20011211,06001,Alameda County,CA,93.06,6.94,0.00,0.00,0.00,0.00,2001-12-11,2001-12-17,1
20011204,06001,Alameda County,CA,46.61,53.39,0.00,0.00,0.00,0.00,2001-12-04,2001-12-10,1
20011127,06001,Alameda County,CA,0.00,100.00,14.53,0.00,0.00,0.00,2001-11-27,2001-12-03,1
20011120,06001,Alameda County,CA,0.00,100.00,100.00,0.00,0.00,0.00,2001-11-20,2001-11-26,1
20011113,06001,Alameda County,CA,0.00,100.00,100.00,0.00,0.00,0.00,2001-11-13,2001-11-19,1
20011106,06001,Alameda County,CA,0.00,100.00,100.00,0.00,0.00,0.00,2001-11-06,2001-11-12,1
20011030,06001,Alameda County,CA,0.00,100.00,100.00,0.00,0.00,0.00,2001-10-30,2001-11-05,1
20011023,06001,Alameda County,CA,0.00,100.00,100.00,0.00,0.00,0.00,2001-10-23,2001-10-29,1
20011016,06001,Alameda County,CA,0.00,100.00,100.00,0.00,0.00,0.00,2001-10-16,2001-10-22,1
20011009,06001,Alameda County,CA,0.00,100.00,100.00,0.00,0.00,0.00,2001-10-09,2001-10-15,1
20011002,06001,Alameda County,CA,0.00,100.00,100.00,0.00,0.00,0.00,2001-10-02,2001-10-08,1
20010925,06001,Alameda County,CA,0.00,100.00,100.00,0.00,0.00,0.00,2001-09-25,2001-10-01,1
20010918,06001,Alameda County,CA,0.00,100.00,100.00,0.00,0.00,0.00,2001-09-18,2001-09-24,1
20010911,06001,Alameda County,CA,0.00,100.00,100.00,0.00,0.00,0.00,2001-09-11,2001-09-17,1
20010904,06001,Alameda County,CA,0.37,99.63,0.00,0.00,0.00,0.00,2001-09-04,2001-09-10,1
20010828,06001,Alameda County,CA,0.37,99.63,0.00,0.00,0.00,0.00,2001-08-28,2001-09-03,1
20010821,06001,Alameda County,CA,33.32,66.68,0.00,0.00,0.00,0.00,2001-08-21,2001-08-27,1
20010814,06001,Alameda County,CA,4.29,95.71,0.00,0.00,0.00,0.00,2001-08-14,2001-08-20,1
20010807,06001,Alameda County,CA,4.29,95.71,0.00,0.00,0.00,0.00,2001-08-07,2001-08-13,1
20010731,06001,Alameda County,CA,4.29,95.71,0.00,0.00,0.00,0.00,2001-07-31,2001-08-06,1
20010724,06001,Alameda County,CA,4.29,95.71,0.00,0.00,0.00,0.00,2001-07-24,2001-07-30,1
20010717,06001,Alameda County,CA,9.81,90.19,0.00,0.00,0.00,0.00,2001-07-17,2001-07-23,1
20010710,06001,Alameda County,CA,64.14,35.86,0.00,0.00,0.00,0.00,2001-07-10,2001-07-16,1
20010703,06001,Alameda County,CA,68.96,31.04,0.00,0.00,0.00,0.00,2001-07-03,2001-07-09,1
20010626,06001,Alameda County,CA,39.99,60.01,0.00,0.00,0.00,0.00,2001-06-26,2001-07-02,1
20010619,06001,Alameda County,CA,39.99,60.01,0.00,0.00,0.00,0.00,2001-06-19,2001-06-25,1
20010612,06001,Alameda County,CA,100.00,0.00,0.00,0.00,0.00,0.00,2001-06-12,2001-06-18,1
20010605,06001,Alameda County,CA,100.00,0.00,0.00,0.00,0.00,0.00,2001-06-05,2001-06-11,1
20010529,06001,Alameda County,CA,100.00,0.00,0.00,0.00,0.00,0.00,2001-05-29,2001-06-04,1
20010522,06001,Alameda County,CA,100.00,0.00,0.00,0.00,0.00,0.00,2001-05-22,2001-05-28,1
20010515,06001,Alameda County,CA,100.00,0.00,0.00,0.00,0.00,0.00,2001-05-15,2001-05-21,1
20010508,06001,Alameda County,CA,100.00,0.00,0.00,0.00,0.00,0.00,2001-05-08,2001-05-14,1
20010501,06001,Alameda County,CA,100.00,0.00,0.00,0.00,0.00,0.00,2001-05-01,2001-05-07,1
20010424,06001,Alameda County,CA,100.00,0.00,0.00,0.00,0.00,0.00,2001-04-24,2001-04-30,1
20010417,06001,Alameda County,CA,100.00,0.00,0.00,0.00,0.00,0.00,2001-04-17,2001-04-23,1
20010410,06001,Alameda County,CA,100.00,0.00,0.00,0.00,0.00,0.00,2001-04-10,2001-04-16,1
20010403,06001,Alameda County,CA,100.00,0.00,0.00,0.00,0.00,0.00,2001-04-03,2001-04-09,1
20010327,06001,Alameda County,CA,100.00,0.00,0.00,0.00,0.00,0.00,2001-03-27,2001-04-02,1
20010320,06001,Alameda County,CA,100.00,0.00,0.00,0.00,0.00,0.00,2001-03-20,2001-03-26,1
20010313,06001,Alameda County,CA,100.00,0.00,0.00,0.00,0.00,0.00,2001-03-13,2001-03-19,1
20010306,06001,Alameda County,CA,100.00,0.00,0.00,0.00,0.00,0.00,2001-03-06,2001-03-12,1
20010227,06001,Alameda County,CA,100.00,0.00,0.00,0.00,0.00,0.00,2001-02-27,2001-03-05,1
20010220,06001,Alameda County,CA,100.00,0.00,0.00,0.00,0.00,0.00,2001-02-20,2001-02-26,1
20010213,06001,Alameda County,CA,100.00,0.00,0.00,0.00,0.00,0.00,2001-02-13,2001-02-19,1
20010206,06001,Alameda County,CA,100.00,0.00,0.00,0.00,0.00,0.00,2001-02-06,2001-02-12,1
20010130,06001,Alameda County,CA,100.00,0.00,0.00,0.00,0.00,0.00,2001-01-30,2001-02-05,1
20010123,06001,Alameda County,CA,100.00,0.00,0.00,0.00,0.00,0.00,2001-01-23,2001-01-29,1
20010116,06001,Alameda County,CA,100.00,0.00,0.00,0.00,0.00,0.00,2001-01-16,2001-01-22,1
20010109,06001,Alameda County,CA,100.00,0.00,0.00,0.00,0.00,0.00,2001-01-09,2001-01-15,1
20010102,06001,Alameda County,CA,100.00,0.00,0.00,0.00,0.00,0.00,2001-01-02,2001-01-08,1
20001226,06001,Alameda County,CA,100.00,0.00,0.00,0.00,0.00,0.00,2000-12-26,2001-01-01,1
20001219,06001,Alameda County,CA,100.00,0.00,0.00,0.00,0.00,0.00,2000-12-19,2000-12-25,1
20001212,06001,Alameda County,CA,100.00,0.00,0.00,0.00,0.00,0.00,2000-12-12,2000-12-18,1
20001205,06001,Alameda County,CA,100.00,0.00,0.00,0.00,0.00,0.00,2000-12-05,2000-12-11,1
20001128,06001,Alameda County,CA,100.00,0.00,0.00,0.00,0.00,0.00,2000-11-28,2000-12-04,1
20001121,06001,Alameda County,CA,100.00,0.00,0.00,0.00,0.00,0.00,2000-11-21,2000-11-27,1
20001114,06001,Alameda County,CA,100.00,0.00,0.00,0.00,0.00,0.00,2000-11-14,2000-11-20,1
20001107,06001,Alameda County,CA,100.00,0.00,0.00,0.00,0.00,0.00,2000-11-07,2000-11-13,1
20001031,06001,Alameda County,CA,100.00,0.00,0.00,0.00,0.00,0.00,2000-10-31,2000-11-06,1
20001024,06001,Alameda County,CA,100.00,0.00,0.00,0.00,0.00,0.00,2000-10-24,2000-10-30,1
20001017,06001,Alameda County,CA,100.00,0.00,0.00,0.00,0.00,0.00,2000-10-17,2000-10-23,1
20001010,06001,Alameda County,CA,100.00,0.00,0.00,0.00,0.00,0.00,2000-10-10,2000-10-16,1
20001003,06001,Alameda County,CA,100.00,0.00,0.00,0.00,0.00,0.00,2000-10-03,2000-10-09,1
20000926,06001,Alameda County,CA,100.00,0.00,0.00,0.00,0.00,0.00,2000-09-26,2000-10-02,1
20000919,06001,Alameda County,CA,100.00,0.00,0.00,0.00,0.00,0.00,2000-09-19,2000-09-25,1
20000912,06001,Alameda County,CA,100.00,0.00,0.00,0.00,0.00,0.00,2000-09-12,2000-09-18,1
20000905,06001,Alameda County,CA,100.00,0.00,0.00,0.00,0.00,0.00,2000-09-05,2000-09-11,1
20000829,06001,Alameda County,CA,100.00,0.00,0.00,0.00,0.00,0.00,2000-08-29,2000-09-04,1
20000822,06001,Alameda County,CA,100.00,0.00,0.00,0.00,0.00,0.00,2000-08-22,2000-08-28,1
20000815,06001,Alameda County,CA,100.00,0.00,0.00,0.00,0.00,0.00,2000-08-15,2000-08-21,1
20000808,06001,Alameda County,CA,100.00,0.00,0.00,0.00,0.00,0.00,2000-08-08,2000-08-14,1
20000801,06001,Alameda County,CA,100.00,0.00,0.00,0.00,0.00,0.00,2000-08-01,2000-08-07,1
20000725,06001,Alameda County,CA,100.00,0.00,0.00,0.00,0.00,0.00,2000-07-25,2000-07-31,1
20000718,06001,Alameda County,CA,100.00,0.00,0.00,0.00,0.00,0.00,2000-07-18,2000-07-24,1
20000711,06001,Alameda County,CA,100.00,0.00,0.00,0.00,0.00,0.00,2000-07-11,2000-07-17,1
20000704,06001,Alameda County,CA,100.00,0.00,0.00,0.00,0.00,0.00,2000-07-04,2000-07-10,1
20000627,06001,Alameda County,CA,100.00,0.00,0.00,0.00,0.00,0.00,2000-06-27,2000-07-03,1
20000620,06001,Alameda County,CA,100.00,0.00,0.00,0.00,0.00,0.00,2000-06-20,2000-06-26,1
20000613,06001,Alameda County,CA,100.00,0.00,0.00,0.00,0.00,0.00,2000-06-13,2000-06-19,1
20000606,06001,Alameda County,CA,100.00,0.00,0.00,0.00,0.00,0.00,2000-06-06,2000-06-12,1
20000530,06001,Alameda County,CA,100.00,0.00,0.00,0.00,0.00,0.00,2000-05-30,2000-06-05,1
20000523,06001,Alameda County,CA,100.00,0.00,0.00,0.00,0.00,0.00,2000-05-23,2000-05-29,1
20000516,06001,Alameda County,CA,100.00,0.00,0.00,0.00,0.00,0.00,2000-05-16,2000-05-22,1
20000509,06001,Alameda County,CA,100.00,0.00,0.00,0.00,0.00,0.00,2000-05-09,2000-05-15,1
20000502,06001,Alameda County,CA,100.00,0.00,0.00,0.00,0.00,0.00,2000-05-02,2000-05-08,1
20000425,06001,Alameda County,CA,100.00,0.00,0.00,0.00,0.00,0.00,2000-04-25,2000-05-01,1
20000418,06001,Alameda County,CA,100.00,0.00,0.00,0.00,0.00,0.00,2000-04-18,2000-04-24,1
20000411,06001,Alameda County,CA,100.00,0.00,0.00,0.00,0.00,0.00,2000-04-11,2000-04-17,1
20000404,06001,Alameda County,CA,100.00,0.00,0.00,0.00,0.00,0.00,2000-04-04,2000-04-10,1
20000328,06001,Alameda County,CA,100.00,0.00,0.00,0.00,0.00,0.00,2000-03-28,2000-04-03,1
20000321,06001,Alameda County,CA,100.00,0.00,0.00,0.00,0.00,0.00,2000-03-21,2000-03-27,1
20000314,06001,Alameda County,CA,100.00,0.00,0.00,0.00,0.00,0.00,2000-03-14,2000-03-20,1
20000307,06001,Alameda County,CA,100.00,0.00,0.00,0.00,0.00,0.00,2000-03-07,2000-03-13,1
20000229,06001,Alameda County,CA,100.00,0.00,0.00,0.00,0.00,0.00,2000-02-29,2000-03-06,1
20000222,06001,Alameda County,CA,100.00,0.00,0.00,0.00,0.00,0.00,2000-02-22,2000-02-28,1
20000215,06001,Alameda County,CA,100.00,0.00,0.00,0.00,0.00,0.00,2000-02-15,2000-02-21,1
20000208,06001,Alameda County,CA,100.00,0.00,0.00,0.00,0.00,0.00,2000-02-08,2000-02-14,1
20000201,06001,Alameda County,CA,100.00,0.00,0.00,0.00,0.00,0.00,2000-02-01,2000-02-07,1
20000125,06001,Alameda County,CA,100.00,0.00,0.00,0.00,0.00,0.00,2000-01-25,2000-01-31,1
20000118,06001,Alameda County,CA,100.00,0.00,0.00,0.00,0.00,0.00,2000-01-18,2000-01-24,1
20000111,06001,Alameda County,CA,49.64,50.36,0.00,0.00,0.00,0.00,2000-01-11,2000-01-17,1
20000104,06001,Alameda County,CA,39.21,60.79,0.00,0.00,0.00,0.00,2000-01-04,2000-01-10,1
