ReleaseDate,FIPS,County,State,None,D0,D1,D2,D3,D4,ValidStart,ValidEnd,StatisticFormatID
20171226,06025,Imperial County,CA,0.00,100.00,93.88,0.00,0.00,0.00,2017-12-26,2018-01-01,1
20171219,06025,Imperial County,CA,0.00,100.00,93.88,0.00,0.00,0.00,2017-12-19,2017-12-25,1
20171212,06025,Imperial County,CA,0.00,100.00,84.68,0.00,0.00,0.00,2017-12-12,2017-12-18,1
20171205,06025,Imperial County,CA,0.00,100.00,84.68,0.00,0.00,0.00,2017-12-05,2017-12-11,1
20171128,06025,Imperial County,CA,0.00,100.00,84.68,0.00,0.00,0.00,2017-11-28,2017-12-04,1
20171121,06025,Imperial County,CA,0.00,100.00,84.68,0.00,0.00,0.00,2017-11-21,2017-11-27,1
20171114,06025,Imperial County,CA,0.00,100.00,84.68,0.00,0.00,0.00,2017-11-14,2017-11-20,1
20171107,06025,Imperial County,CA,0.29,99.71,84.68,0.00,0.00,0.00,2017-11-07,2017-11-13,1
20171031,06025,Imperial County,CA,0.29,99.71,84.68,0.00,0.00,0.00,2017-10-31,2017-11-06,1
20171024,06025,Imperial County,CA,0.29,99.71,84.68,0.00,0.00,0.00,2017-10-24,2017-10-30,1
20171017,06025,Imperial County,CA,0.23,99.77,84.68,0.00,0.00,0.00,2017-10-17,2017-10-23,1
20171010,06025,Imperial County,CA,0.23,99.77,84.68,0.00,0.00,0.00,2017-10-10,2017-10-16,1
20171003,06025,Imperial County,CA,0.23,99.77,84.68,0.00,0.00,0.00,2017-10-03,2017-10-09,1
20170926,06025,Imperial County,CA,0.23,99.77,84.68,0.00,0.00,0.00,2017-09-26,2017-10-02,1
20170919,06025,Imperial County,CA,0.23,99.77,84.68,0.00,0.00,0.00,2017-09-19,2017-09-25,1
20170912,06025,Imperial County,CA,0.23,99.77,84.68,0.00,0.00,0.00,2017-09-12,2017-09-18,1
20170905,06025,Imperial County,CA,0.23,99.77,84.68,0.00,0.00,0.00,2017-09-05,2017-09-11,1
20170829,06025,Imperial County,CA,0.23,99.77,84.68,0.00,0.00,0.00,2017-08-29,2017-09-04,1
20170822,06025,Imperial County,CA,0.23,99.77,84.68,0.00,0.00,0.00,2017-08-22,2017-08-28,1
20170815,06025,Imperial County,CA,0.23,99.77,84.68,0.00,0.00,0.00,2017-08-15,2017-08-21,1
20170808,06025,Imperial County,CA,0.23,99.77,84.68,35.80,0.00,0.00,2017-08-08,2017-08-14,1
20170801,06025,Imperial County,CA,0.23,99.77,84.68,35.80,0.00,0.00,2017-08-01,2017-08-07,1
20170725,06025,Imperial County,CA,0.23,99.77,84.68,35.80,0.00,0.00,2017-07-25,2017-07-31,1
20170718,06025,Imperial County,CA,0.23,99.77,84.68,35.80,0.00,0.00,2017-07-18,2017-07-24,1
20170711,06025,Imperial County,CA,0.23,99.77,84.68,35.80,0.00,0.00,2017-07-11,2017-07-17,1
20170704,06025,Imperial County,CA,0.23,99.77,84.68,35.80,0.00,0.00,2017-07-04,2017-07-10,1
20170627,06025,Imperial County,CA,0.23,99.77,84.68,35.80,0.00,0.00,2017-06-27,2017-07-03,1
20170620,06025,Imperial County,CA,0.23,99.77,84.68,35.80,0.00,0.00,2017-06-20,2017-06-26,1
20170613,06025,Imperial County,CA,0.23,99.77,84.68,35.80,0.00,0.00,2017-06-13,2017-06-19,1
20170606,06025,Imperial County,CA,0.23,99.77,84.68,35.79,0.00,0.00,2017-06-06,2017-06-12,1
20170530,06025,Imperial County,CA,0.23,99.77,84.68,35.79,0.00,0.00,2017-05-30,2017-06-05,1
20170523,06025,Imperial County,CA,0.23,99.77,84.68,35.79,0.00,0.00,2017-05-23,2017-05-29,1
20170516,06025,Imperial County,CA,0.23,99.77,84.68,35.80,0.00,0.00,2017-05-16,2017-05-22,1
20170509,06025,Imperial County,CA,0.23,99.77,84.68,35.80,0.00,0.00,2017-05-09,2017-05-15,1
20170502,06025,Imperial County,CA,0.23,99.77,84.68,35.80,0.00,0.00,2017-05-02,2017-05-08,1
20170425,06025,Imperial County,CA,0.29,99.71,84.68,35.80,0.00,0.00,2017-04-25,2017-05-01,1
20170418,06025,Imperial County,CA,0.29,99.71,84.68,35.79,0.00,0.00,2017-04-18,2017-04-24,1
20170411,06025,Imperial County,CA,0.29,99.71,84.68,35.79,0.00,0.00,2017-04-11,2017-04-17,1
20170404,06025,Imperial County,CA,0.29,99.71,84.68,35.80,0.00,0.00,2017-04-04,2017-04-10,1
20170328,06025,Imperial County,CA,0.29,99.71,84.68,35.79,0.00,0.00,2017-03-28,2017-04-03,1
20170321,06025,Imperial County,CA,0.29,99.71,84.68,35.79,0.00,0.00,2017-03-21,2017-03-27,1
20170314,06025,Imperial County,CA,0.29,99.71,84.68,35.79,0.00,0.00,2017-03-14,2017-03-20,1
20170307,06025,Imperial County,CA,0.29,99.71,84.68,35.79,0.00,0.00,2017-03-07,2017-03-13,1
20170228,06025,Imperial County,CA,0.00,100.00,93.57,62.48,0.00,0.00,2017-02-28,2017-03-06,1
20170221,06025,Imperial County,CA,0.00,100.00,100.00,65.38,0.00,0.00,2017-02-21,2017-02-27,1
20170214,06025,Imperial County,CA,0.00,100.00,100.00,65.38,0.00,0.00,2017-02-14,2017-02-20,1
20170207,06025,Imperial County,CA,0.00,100.00,100.00,65.38,0.00,0.00,2017-02-07,2017-02-13,1
20170131,06025,Imperial County,CA,0.00,100.00,100.00,65.38,0.00,0.00,2017-01-31,2017-02-06,1
20170124,06025,Imperial County,CA,0.00,100.00,100.00,66.33,0.00,0.00,2017-01-24,2017-01-30,1
20170117,06025,Imperial County,CA,0.00,100.00,100.00,68.54,0.00,0.00,2017-01-17,2017-01-23,1
20170110,06025,Imperial County,CA,0.00,100.00,100.00,68.54,0.00,0.00,2017-01-10,2017-01-16,1
20170103,06025,Imperial County,CA,0.00,100.00,100.00,68.54,0.00,0.00,2017-01-03,2017-01-09,1
20161227,06025,Imperial County,CA,0.00,100.00,100.00,90.02,0.00,0.00,2016-12-27,2017-01-02,1
20161220,06025,Imperial County,CA,0.00,100.00,100.00,100.00,0.00,0.00,2016-12-20,2016-12-26,1
20161213,06025,Imperial County,CA,0.00,100.00,100.00,100.00,0.00,0.00,2016-12-13,2016-12-19,1
20161206,06025,Imperial County,CA,0.00,100.00,100.00,100.00,0.00,0.00,2016-12-06,2016-12-12,1
20161129,06025,Imperial County,CA,0.00,100.00,100.00,100.00,0.00,0.00,2016-11-29,2016-12-05,1
20161122,06025,Imperial County,CA,0.00,100.00,100.00,100.00,0.00,0.00,2016-11-22,2016-11-28,1
20161115,06025,Imperial County,CA,0.00,100.00,100.00,100.00,0.00,0.00,2016-11-15,2016-11-21,1
20161108,06025,Imperial County,CA,0.00,100.00,100.00,100.00,0.00,0.00,2016-11-08,2016-11-14,1
20161101,06025,Imperial County,CA,0.00,100.00,100.00,100.00,0.00,0.00,2016-11-01,2016-11-07,1
20161025,06025,Imperial County,CA,0.00,100.00,100.00,100.00,0.00,0.00,2016-10-25,2016-10-31,1
20161018,06025,Imperial County,CA,0.00,100.00,100.00,100.00,0.00,0.00,2016-10-18,2016-10-24,1
20161011,06025,Imperial County,CA,0.00,100.00,100.00,100.00,0.00,0.00,2016-10-11,2016-10-17,1
20161004,06025,Imperial County,CA,0.00,100.00,100.00,100.00,0.00,0.00,2016-10-04,2016-10-10,1
20160927,06025,Imperial County,CA,0.00,100.00,100.00,100.00,0.00,0.00,2016-09-27,2016-10-03,1
20160920,06025,Imperial County,CA,0.00,100.00,100.00,100.00,0.00,0.00,2016-09-20,2016-09-26,1
20160913,06025,Imperial County,CA,0.00,100.00,100.00,100.00,0.00,0.00,2016-09-13,2016-09-19,1
20160906,06025,Imperial County,CA,0.00,100.00,100.00,90.37,0.00,0.00,2016-09-06,2016-09-12,1
20160830,06025,Imperial County,CA,0.00,100.00,100.00,90.37,0.00,0.00,2016-08-30,2016-09-05,1
20160823,06025,Imperial County,CA,0.00,100.00,100.00,90.37,0.00,0.00,2016-08-23,2016-08-29,1
20160816,06025,Imperial County,CA,0.00,100.00,100.00,90.37,0.00,0.00,2016-08-16,2016-08-22,1
20160809,06025,Imperial County,CA,0.00,100.00,100.00,90.37,0.00,0.00,2016-08-09,2016-08-15,1
20160802,06025,Imperial County,CA,0.00,100.00,100.00,90.37,0.00,0.00,2016-08-02,2016-08-08,1
20160726,06025,Imperial County,CA,0.00,100.00,100.00,90.37,0.00,0.00,2016-07-26,2016-08-01,1
20160719,06025,Imperial County,CA,0.00,100.00,100.00,90.37,0.00,0.00,2016-07-19,2016-07-25,1
20160712,06025,Imperial County,CA,0.00,100.00,100.00,90.37,0.00,0.00,2016-07-12,2016-07-18,1
20160705,06025,Imperial County,CA,0.00,100.00,100.00,90.37,0.00,0.00,2016-07-05,2016-07-11,1
20160628,06025,Imperial County,CA,0.00,100.00,100.00,90.37,0.00,0.00,2016-06-28,2016-07-04,1
20160621,06025,Imperial County,CA,0.00,100.00,100.00,90.37,0.00,0.00,2016-06-21,2016-06-27,1
20160614,06025,Imperial County,CA,0.00,100.00,100.00,90.37,0.00,0.00,2016-06-14,2016-06-20,1
20160607,06025,Imperial County,CA,0.00,100.00,100.00,90.37,0.00,0.00,2016-06-07,2016-06-13,1
20160531,06025,Imperial County,CA,0.00,100.00,100.00,90.37,0.00,0.00,2016-05-31,2016-06-06,1
20160524,06025,Imperial County,CA,0.00,100.00,100.00,90.37,0.00,0.00,2016-05-24,2016-05-30,1
20160517,06025,Imperial County,CA,0.00,100.00,100.00,90.37,0.00,0.00,2016-05-17,2016-05-23,1
20160510,06025,Imperial County,CA,0.00,100.00,100.00,90.37,0.00,0.00,2016-05-10,2016-05-16,1
20160503,06025,Imperial County,CA,0.00,100.00,100.00,90.37,0.00,0.00,2016-05-03,2016-05-09,1
20160426,06025,Imperial County,CA,0.00,100.00,100.00,90.37,0.00,0.00,2016-04-26,2016-05-02,1
20160419,06025,Imperial County,CA,0.00,100.00,100.00,90.37,0.00,0.00,2016-04-19,2016-04-25,1
20160412,06025,Imperial County,CA,0.00,100.00,100.00,90.37,0.00,0.00,2016-04-12,2016-04-18,1
20160405,06025,Imperial County,CA,0.00,100.00,100.00,90.37,0.00,0.00,2016-04-05,2016-04-11,1
20160329,06025,Imperial County,CA,0.00,100.00,100.00,90.37,0.00,0.00,2016-03-29,2016-04-04,1
20160322,06025,Imperial County,CA,0.00,100.00,100.00,90.37,0.00,0.00,2016-03-22,2016-03-28,1
20160315,06025,Imperial County,CA,0.00,100.00,100.00,85.91,0.00,0.00,2016-03-15,2016-03-21,1
20160308,06025,Imperial County,CA,0.00,100.00,100.00,85.91,0.00,0.00,2016-03-08,2016-03-14,1
20160301,06025,Imperial County,CA,0.00,100.00,100.00,68.13,0.00,0.00,2016-03-01,2016-03-07,1
20160223,06025,Imperial County,CA,0.00,100.00,83.38,41.33,0.00,0.00,2016-02-23,2016-02-29,1
20160216,06025,Imperial County,CA,0.00,100.00,83.38,41.33,0.00,0.00,2016-02-16,2016-02-22,1
20160209,06025,Imperial County,CA,0.00,100.00,83.38,41.33,0.00,0.00,2016-02-09,2016-02-15,1
20160202,06025,Imperial County,CA,0.00,100.00,83.38,41.33,0.00,0.00,2016-02-02,2016-02-08,1
20160126,06025,Imperial County,CA,0.00,100.00,84.98,41.33,0.00,0.00,2016-01-26,2016-02-01,1
20160119,06025,Imperial County,CA,0.00,100.00,87.68,41.33,0.00,0.00,2016-01-19,2016-01-25,1
20160112,06025,Imperial County,CA,0.00,100.00,87.68,41.78,0.00,0.00,2016-01-12,2016-01-18,1
20160105,06025,Imperial County,CA,0.00,100.00,87.68,41.78,0.00,0.00,2016-01-05,2016-01-11,1
20151229,06025,Imperial County,CA,0.00,100.00,87.68,41.78,0.00,0.00,2015-12-29,2016-01-04,1
20151222,06025,Imperial County,CA,0.00,100.00,87.68,41.78,0.00,0.00,2015-12-22,2015-12-28,1
20151215,06025,Imperial County,CA,0.00,100.00,87.68,41.78,0.00,0.00,2015-12-15,2015-12-21,1
20151208,06025,Imperial County,CA,0.00,100.00,87.68,41.78,0.00,0.00,2015-12-08,2015-12-14,1
20151201,06025,Imperial County,CA,0.00,100.00,87.68,41.78,0.00,0.00,2015-12-01,2015-12-07,1
20151124,06025,Imperial County,CA,0.00,100.00,87.68,41.78,0.00,0.00,2015-11-24,2015-11-30,1
20151117,06025,Imperial County,CA,0.00,100.00,87.68,41.78,0.00,0.00,2015-11-17,2015-11-23,1
20151110,06025,Imperial County,CA,0.00,100.00,87.68,41.84,0.00,0.00,2015-11-10,2015-11-16,1
20151103,06025,Imperial County,CA,0.00,100.00,87.68,41.84,0.00,0.00,2015-11-03,2015-11-09,1
20151027,06025,Imperial County,CA,0.00,100.00,87.68,41.84,0.00,0.00,2015-10-27,2015-11-02,1
20151020,06025,Imperial County,CA,0.00,100.00,87.68,41.84,0.00,0.00,2015-10-20,2015-10-26,1
20151013,06025,Imperial County,CA,0.00,100.00,87.68,41.84,0.00,0.00,2015-10-13,2015-10-19,1
20151006,06025,Imperial County,CA,0.00,100.00,87.68,41.84,0.00,0.00,2015-10-06,2015-10-12,1
20150929,06025,Imperial County,CA,0.00,100.00,87.68,41.84,0.00,0.00,2015-09-29,2015-10-05,1
20150922,06025,Imperial County,CA,0.00,100.00,87.68,41.84,0.00,0.00,2015-09-22,2015-09-28,1
20150915,06025,Imperial County,CA,0.00,100.00,87.68,41.84,0.00,0.00,2015-09-15,2015-09-21,1
20150908,06025,Imperial County,CA,0.00,100.00,87.85,41.84,0.00,0.00,2015-09-08,2015-09-14,1
20150901,06025,Imperial County,CA,0.00,100.00,87.85,41.84,0.00,0.00,2015-09-01,2015-09-07,1
20150825,06025,Imperial County,CA,0.00,100.00,87.85,41.84,0.00,0.00,2015-08-25,2015-08-31,1
20150818,06025,Imperial County,CA,0.00,100.00,87.85,41.84,0.00,0.00,2015-08-18,2015-08-24,1
20150811,06025,Imperial County,CA,0.00,100.00,87.85,41.84,0.00,0.00,2015-08-11,2015-08-17,1
20150804,06025,Imperial County,CA,0.00,100.00,87.85,70.62,0.00,0.00,2015-08-04,2015-08-10,1
20150728,06025,Imperial County,CA,0.00,100.00,87.85,70.62,0.00,0.00,2015-07-28,2015-08-03,1
20150721,06025,Imperial County,CA,0.00,100.00,87.85,70.62,0.00,0.00,2015-07-21,2015-07-27,1
20150714,06025,Imperial County,CA,0.00,100.00,100.00,70.62,0.00,0.00,2015-07-14,2015-07-20,1
20150707,06025,Imperial County,CA,0.00,100.00,100.00,70.62,0.00,0.00,2015-07-07,2015-07-13,1
20150630,06025,Imperial County,CA,0.00,100.00,100.00,70.64,0.00,0.00,2015-06-30,2015-07-06,1
20150623,06025,Imperial County,CA,0.00,100.00,100.00,70.64,0.00,0.00,2015-06-23,2015-06-29,1
20150616,06025,Imperial County,CA,0.00,100.00,100.00,70.64,0.00,0.00,2015-06-16,2015-06-22,1
20150609,06025,Imperial County,CA,0.00,100.00,100.00,70.64,0.00,0.00,2015-06-09,2015-06-15,1
20150602,06025,Imperial County,CA,0.00,100.00,100.00,70.64,0.00,0.00,2015-06-02,2015-06-08,1
20150526,06025,Imperial County,CA,0.00,100.00,100.00,70.64,0.00,0.00,2015-05-26,2015-06-01,1
20150519,06025,Imperial County,CA,0.00,100.00,100.00,70.64,0.00,0.00,2015-05-19,2015-05-25,1
20150512,06025,Imperial County,CA,0.00,100.00,100.00,70.64,0.00,0.00,2015-05-12,2015-05-18,1
20150505,06025,Imperial County,CA,0.00,100.00,100.00,70.64,0.00,0.00,2015-05-05,2015-05-11,1
20150428,06025,Imperial County,CA,0.00,100.00,100.00,70.64,0.00,0.00,2015-04-28,2015-05-04,1
20150421,06025,Imperial County,CA,0.00,100.00,100.00,70.64,0.00,0.00,2015-04-21,2015-04-27,1
20150414,06025,Imperial County,CA,0.00,100.00,100.00,70.64,0.00,0.00,2015-04-14,2015-04-20,1
20150407,06025,Imperial County,CA,0.00,100.00,100.00,70.64,0.00,0.00,2015-04-07,2015-04-13,1
20150331,06025,Imperial County,CA,0.00,100.00,100.00,70.64,0.00,0.00,2015-03-31,2015-04-06,1
20150324,06025,Imperial County,CA,0.00,100.00,100.00,70.64,0.00,0.00,2015-03-24,2015-03-30,1
20150317,06025,Imperial County,CA,0.00,100.00,100.00,70.64,0.00,0.00,2015-03-17,2015-03-23,1
20150310,06025,Imperial County,CA,0.00,100.00,100.00,70.64,0.00,0.00,2015-03-10,2015-03-16,1
20150303,06025,Imperial County,CA,0.00,100.00,100.00,70.64,0.00,0.00,2015-03-03,2015-03-09,1
20150224,06025,Imperial County,CA,0.00,100.00,100.00,70.64,0.00,0.00,2015-02-24,2015-03-02,1
20150217,06025,Imperial County,CA,0.00,100.00,100.00,70.64,0.00,0.00,2015-02-17,2015-02-23,1
20150210,06025,Imperial County,CA,0.00,100.00,100.00,70.64,0.00,0.00,2015-02-10,2015-02-16,1
20150203,06025,Imperial County,CA,0.00,100.00,100.00,70.49,0.00,0.00,2015-02-03,2015-02-09,1
20150127,06025,Imperial County,CA,0.00,100.00,100.00,70.49,0.00,0.00,2015-01-27,2015-02-02,1
20150120,06025,Imperial County,CA,0.00,100.00,100.00,70.49,0.00,0.00,2015-01-20,2015-01-26,1
20150113,06025,Imperial County,CA,0.00,100.00,100.00,70.49,0.00,0.00,2015-01-13,2015-01-19,1
20150106,06025,Imperial County,CA,0.00,100.00,100.00,70.49,0.00,0.00,2015-01-06,2015-01-12,1
20141230,06025,Imperial County,CA,0.00,100.00,100.00,70.49,0.00,0.00,2014-12-30,2015-01-05,1
20141223,06025,Imperial County,CA,0.00,100.00,100.00,70.49,0.00,0.00,2014-12-23,2014-12-29,1
20141216,06025,Imperial County,CA,0.00,100.00,100.00,70.49,0.00,0.00,2014-12-16,2014-12-22,1
20141209,06025,Imperial County,CA,0.00,100.00,100.00,70.49,0.04,0.00,2014-12-09,2014-12-15,1
20141202,06025,Imperial County,CA,0.00,100.00,100.00,70.49,0.04,0.00,2014-12-02,2014-12-08,1
20141125,06025,Imperial County,CA,0.00,100.00,100.00,70.49,0.04,0.00,2014-11-25,2014-12-01,1
20141118,06025,Imperial County,CA,0.00,100.00,100.00,70.49,0.04,0.00,2014-11-18,2014-11-24,1
20141111,06025,Imperial County,CA,0.00,100.00,100.00,70.49,0.04,0.00,2014-11-11,2014-11-17,1
20141104,06025,Imperial County,CA,0.00,100.00,100.00,70.49,0.04,0.00,2014-11-04,2014-11-10,1
20141028,06025,Imperial County,CA,0.00,100.00,100.00,70.49,0.04,0.00,2014-10-28,2014-11-03,1
20141021,06025,Imperial County,CA,0.00,100.00,100.00,70.49,0.04,0.00,2014-10-21,2014-10-27,1
20141014,06025,Imperial County,CA,0.00,100.00,100.00,70.49,0.04,0.00,2014-10-14,2014-10-20,1
20141007,06025,Imperial County,CA,0.00,100.00,100.00,70.49,0.04,0.00,2014-10-07,2014-10-13,1
20140930,06025,Imperial County,CA,0.00,100.00,100.00,70.49,0.04,0.00,2014-09-30,2014-10-06,1
20140923,06025,Imperial County,CA,0.00,100.00,100.00,70.49,0.04,0.00,2014-09-23,2014-09-29,1
20140916,06025,Imperial County,CA,0.00,100.00,100.00,70.49,0.04,0.00,2014-09-16,2014-09-22,1
20140909,06025,Imperial County,CA,0.00,100.00,100.00,70.49,0.04,0.00,2014-09-09,2014-09-15,1
20140902,06025,Imperial County,CA,0.00,100.00,100.00,70.49,0.04,0.00,2014-09-02,2014-09-08,1
20140826,06025,Imperial County,CA,0.00,100.00,100.00,70.49,0.04,0.00,2014-08-26,2014-09-01,1
20140819,06025,Imperial County,CA,0.00,100.00,100.00,95.38,0.04,0.00,2014-08-19,2014-08-25,1
20140812,06025,Imperial County,CA,0.00,100.00,100.00,100.00,0.04,0.00,2014-08-12,2014-08-18,1
20140805,06025,Imperial County,CA,0.00,100.00,100.00,100.00,0.04,0.00,2014-08-05,2014-08-11,1
20140729,06025,Imperial County,CA,0.00,100.00,100.00,100.00,0.04,0.00,2014-07-29,2014-08-04,1
20140722,06025,Imperial County,CA,0.00,100.00,100.00,100.00,0.04,0.00,2014-07-22,2014-07-28,1
20140715,06025,Imperial County,CA,0.00,100.00,100.00,100.00,0.04,0.00,2014-07-15,2014-07-21,1
20140708,06025,Imperial County,CA,0.00,100.00,100.00,100.00,0.00,0.00,2014-07-08,2014-07-14,1
20140701,06025,Imperial County,CA,0.00,100.00,100.00,100.00,0.00,0.00,2014-07-01,2014-07-07,1
20140624,06025,Imperial County,CA,0.00,100.00,100.00,100.00,0.00,0.00,2014-06-24,2014-06-30,1
20140617,06025,Imperial County,CA,0.00,100.00,100.00,100.00,0.00,0.00,2014-06-17,2014-06-23,1
20140610,06025,Imperial County,CA,0.00,100.00,100.00,100.00,0.00,0.00,2014-06-10,2014-06-16,1
20140603,06025,Imperial County,CA,0.00,100.00,100.00,100.00,0.00,0.00,2014-06-03,2014-06-09,1
20140527,06025,Imperial County,CA,0.00,100.00,100.00,100.00,0.00,0.00,2014-05-27,2014-06-02,1
20140520,06025,Imperial County,CA,0.00,100.00,100.00,100.00,0.00,0.00,2014-05-20,2014-05-26,1
20140513,06025,Imperial County,CA,0.00,100.00,100.00,100.00,0.00,0.00,2014-05-13,2014-05-19,1
20140506,06025,Imperial County,CA,0.00,100.00,100.00,70.93,0.00,0.00,2014-05-06,2014-05-12,1
20140429,06025,Imperial County,CA,0.00,100.00,100.00,71.53,0.00,0.00,2014-04-29,2014-05-05,1
20140422,06025,Imperial County,CA,0.00,100.00,100.00,71.53,0.00,0.00,2014-04-22,2014-04-28,1
20140415,06025,Imperial County,CA,0.00,100.00,93.09,71.53,0.00,0.00,2014-04-15,2014-04-21,1
20140408,06025,Imperial County,CA,0.00,100.00,93.21,71.53,0.00,0.00,2014-04-08,2014-04-14,1
20140401,06025,Imperial County,CA,0.00,100.00,93.21,71.53,0.00,0.00,2014-04-01,2014-04-07,1
20140325,06025,Imperial County,CA,0.00,100.00,93.10,71.53,0.00,0.00,2014-03-25,2014-03-31,1
20140318,06025,Imperial County,CA,0.18,99.82,92.86,35.10,0.00,0.00,2014-03-18,2014-03-24,1
20140311,06025,Imperial County,CA,0.20,99.80,39.32,0.01,0.00,0.00,2014-03-11,2014-03-17,1
20140304,06025,Imperial County,CA,0.16,99.84,39.32,0.01,0.00,0.00,2014-03-04,2014-03-10,1
20140225,06025,Imperial County,CA,0.16,99.84,39.32,0.01,0.00,0.00,2014-02-25,2014-03-03,1
20140218,06025,Imperial County,CA,0.16,99.84,39.32,0.01,0.00,0.00,2014-02-18,2014-02-24,1
20140211,06025,Imperial County,CA,1.58,98.42,39.32,0.01,0.00,0.00,2014-02-11,2014-02-17,1
20140204,06025,Imperial County,CA,1.58,98.42,27.95,0.00,0.00,0.00,2014-02-04,2014-02-10,1
20140128,06025,Imperial County,CA,1.58,98.42,27.95,0.00,0.00,0.00,2014-01-28,2014-02-03,1
20140121,06025,Imperial County,CA,1.58,98.42,27.95,0.00,0.00,0.00,2014-01-21,2014-01-27,1
20140114,06025,Imperial County,CA,1.58,98.42,27.95,0.00,0.00,0.00,2014-01-14,2014-01-20,1
20140107,06025,Imperial County,CA,1.58,98.42,29.05,0.00,0.00,0.00,2014-01-07,2014-01-13,1
20131231,06025,Imperial County,CA,1.58,98.42,29.05,0.00,0.00,0.00,2013-12-31,2014-01-06,1
20131224,06025,Imperial County,CA,1.58,98.42,29.05,0.00,0.00,0.00,2013-12-24,2013-12-30,1
20131217,06025,Imperial County,CA,1.58,98.42,29.05,0.00,0.00,0.00,2013-12-17,2013-12-23,1
20131210,06025,Imperial County,CA,1.58,98.42,29.05,0.00,0.00,0.00,2013-12-10,2013-12-16,1
20131203,06025,Imperial County,CA,1.58,98.42,29.05,0.00,0.00,0.00,2013-12-03,2013-12-09,1
20131126,06025,Imperial County,CA,1.58,98.42,29.05,0.00,0.00,0.00,2013-11-26,2013-12-02,1
20131119,06025,Imperial County,CA,1.58,98.42,90.19,0.00,0.00,0.00,2013-11-19,2013-11-25,1
20131112,06025,Imperial County,CA,1.58,98.42,90.19,0.00,0.00,0.00,2013-11-12,2013-11-18,1
20131105,06025,Imperial County,CA,1.63,98.37,90.06,0.00,0.00,0.00,2013-11-05,2013-11-11,1
20131029,06025,Imperial County,CA,1.85,98.15,90.06,0.00,0.00,0.00,2013-10-29,2013-11-04,1
20131022,06025,Imperial County,CA,1.85,98.15,90.06,0.00,0.00,0.00,2013-10-22,2013-10-28,1
20131015,06025,Imperial County,CA,1.92,98.08,89.68,0.00,0.00,0.00,2013-10-15,2013-10-21,1
20131008,06025,Imperial County,CA,1.21,98.79,89.63,0.00,0.00,0.00,2013-10-08,2013-10-14,1
20131001,06025,Imperial County,CA,1.66,98.34,89.63,0.00,0.00,0.00,2013-10-01,2013-10-07,1
20130924,06025,Imperial County,CA,1.66,98.34,89.63,0.00,0.00,0.00,2013-09-24,2013-09-30,1
20130917,06025,Imperial County,CA,1.66,98.34,89.63,0.00,0.00,0.00,2013-09-17,2013-09-23,1
20130910,06025,Imperial County,CA,0.00,100.00,98.28,77.57,0.00,0.00,2013-09-10,2013-09-16,1
20130903,06025,Imperial County,CA,0.00,100.00,98.28,77.57,0.00,0.00,2013-09-03,2013-09-09,1
20130827,06025,Imperial County,CA,0.00,100.00,96.61,77.57,0.00,0.00,2013-08-27,2013-09-02,1
20130820,06025,Imperial County,CA,0.00,100.00,96.61,77.57,0.00,0.00,2013-08-20,2013-08-26,1
20130813,06025,Imperial County,CA,0.00,100.00,96.61,77.57,0.00,0.00,2013-08-13,2013-08-19,1
20130806,06025,Imperial County,CA,0.00,100.00,96.61,77.57,0.00,0.00,2013-08-06,2013-08-12,1
20130730,06025,Imperial County,CA,0.00,100.00,96.61,77.57,0.00,0.00,2013-07-30,2013-08-05,1
20130723,06025,Imperial County,CA,0.00,100.00,96.65,81.63,0.00,0.00,2013-07-23,2013-07-29,1
20130716,06025,Imperial County,CA,0.00,100.00,96.65,81.63,0.00,0.00,2013-07-16,2013-07-22,1
20130709,06025,Imperial County,CA,0.00,100.00,96.65,81.63,0.00,0.00,2013-07-09,2013-07-15,1
20130702,06025,Imperial County,CA,0.00,100.00,96.65,81.63,0.00,0.00,2013-07-02,2013-07-08,1
20130625,06025,Imperial County,CA,0.00,100.00,96.53,80.62,0.00,0.00,2013-06-25,2013-07-01,1
20130618,06025,Imperial County,CA,0.00,100.00,96.53,80.62,0.00,0.00,2013-06-18,2013-06-24,1
20130611,06025,Imperial County,CA,0.00,100.00,96.53,80.62,0.00,0.00,2013-06-11,2013-06-17,1
20130604,06025,Imperial County,CA,0.00,100.00,96.54,80.28,0.00,0.00,2013-06-04,2013-06-10,1
20130528,06025,Imperial County,CA,0.00,100.00,96.54,80.19,0.00,0.00,2013-05-28,2013-06-03,1
20130521,06025,Imperial County,CA,0.00,100.00,96.54,80.19,0.00,0.00,2013-05-21,2013-05-27,1
20130514,06025,Imperial County,CA,0.00,100.00,96.54,80.19,0.00,0.00,2013-05-14,2013-05-20,1
20130507,06025,Imperial County,CA,0.00,100.00,96.54,80.19,0.00,0.00,2013-05-07,2013-05-13,1
20130430,06025,Imperial County,CA,0.00,100.00,96.54,74.55,0.00,0.00,2013-04-30,2013-05-06,1
20130423,06025,Imperial County,CA,0.00,100.00,96.54,2.67,0.00,0.00,2013-04-23,2013-04-29,1
20130416,06025,Imperial County,CA,0.00,100.00,68.20,0.00,0.00,0.00,2013-04-16,2013-04-22,1
20130409,06025,Imperial County,CA,0.00,100.00,68.20,0.00,0.00,0.00,2013-04-09,2013-04-15,1
20130402,06025,Imperial County,CA,0.00,100.00,67.58,0.00,0.00,0.00,2013-04-02,2013-04-08,1
20130326,06025,Imperial County,CA,0.00,100.00,67.58,0.00,0.00,0.00,2013-03-26,2013-04-01,1
20130319,06025,Imperial County,CA,0.00,100.00,67.58,0.00,0.00,0.00,2013-03-19,2013-03-25,1
20130312,06025,Imperial County,CA,0.00,100.00,67.58,0.00,0.00,0.00,2013-03-12,2013-03-18,1
20130305,06025,Imperial County,CA,0.00,100.00,67.92,0.00,0.00,0.00,2013-03-05,2013-03-11,1
20130226,06025,Imperial County,CA,0.00,100.00,67.57,0.00,0.00,0.00,2013-02-26,2013-03-04,1
20130219,06025,Imperial County,CA,0.00,100.00,67.66,0.00,0.00,0.00,2013-02-19,2013-02-25,1
20130212,06025,Imperial County,CA,0.00,100.00,67.66,0.00,0.00,0.00,2013-02-12,2013-02-18,1
20130205,06025,Imperial County,CA,0.00,100.00,67.66,0.00,0.00,0.00,2013-02-05,2013-02-11,1
20130129,06025,Imperial County,CA,0.00,100.00,67.66,0.00,0.00,0.00,2013-01-29,2013-02-04,1
20130122,06025,Imperial County,CA,0.00,100.00,96.85,0.00,0.00,0.00,2013-01-22,2013-01-28,1
20130115,06025,Imperial County,CA,0.00,100.00,96.85,0.00,0.00,0.00,2013-01-15,2013-01-21,1
20130108,06025,Imperial County,CA,0.00,100.00,96.85,0.00,0.00,0.00,2013-01-08,2013-01-14,1
20130101,06025,Imperial County,CA,0.00,100.00,97.50,0.00,0.00,0.00,2013-01-01,2013-01-07,1
20121225,06025,Imperial County,CA,0.00,100.00,97.50,0.00,0.00,0.00,2012-12-25,2012-12-31,1
20121218,06025,Imperial County,CA,0.00,100.00,97.50,0.00,0.00,0.00,2012-12-18,2012-12-24,1
20121211,06025,Imperial County,CA,0.00,100.00,97.50,0.00,0.00,0.00,2012-12-11,2012-12-17,1
20121204,06025,Imperial County,CA,0.00,100.00,97.50,0.00,0.00,0.00,2012-12-04,2012-12-10,1
20121127,06025,Imperial County,CA,0.00,100.00,97.88,0.00,0.00,0.00,2012-11-27,2012-12-03,1
20121120,06025,Imperial County,CA,0.00,100.00,97.88,0.00,0.00,0.00,2012-11-20,2012-11-26,1
20121113,06025,Imperial County,CA,0.00,100.00,97.88,0.00,0.00,0.00,2012-11-13,2012-11-19,1
20121106,06025,Imperial County,CA,0.00,100.00,97.88,0.00,0.00,0.00,2012-11-06,2012-11-12,1
20121030,06025,Imperial County,CA,0.00,100.00,97.88,0.00,0.00,0.00,2012-10-30,2012-11-05,1
20121023,06025,Imperial County,CA,0.00,100.00,97.88,0.00,0.00,0.00,2012-10-23,2012-10-29,1
20121016,06025,Imperial County,CA,0.00,100.00,97.88,0.00,0.00,0.00,2012-10-16,2012-10-22,1
20121009,06025,Imperial County,CA,0.00,100.00,98.64,0.00,0.00,0.00,2012-10-09,2012-10-15,1
20121002,06025,Imperial County,CA,0.00,100.00,99.48,0.00,0.00,0.00,2012-10-02,2012-10-08,1
20120925,06025,Imperial County,CA,0.00,100.00,99.48,0.00,0.00,0.00,2012-09-25,2012-10-01,1
20120918,06025,Imperial County,CA,0.00,100.00,99.48,0.00,0.00,0.00,2012-09-18,2012-09-24,1
20120911,06025,Imperial County,CA,0.00,100.00,99.29,0.00,0.00,0.00,2012-09-11,2012-09-17,1
20120904,06025,Imperial County,CA,0.00,100.00,99.72,0.00,0.00,0.00,2012-09-04,2012-09-10,1
20120828,06025,Imperial County,CA,0.00,100.00,99.96,0.00,0.00,0.00,2012-08-28,2012-09-03,1
20120821,06025,Imperial County,CA,0.00,100.00,99.73,0.00,0.00,0.00,2012-08-21,2012-08-27,1
20120814,06025,Imperial County,CA,0.00,100.00,99.73,0.00,0.00,0.00,2012-08-14,2012-08-20,1
20120807,06025,Imperial County,CA,0.00,100.00,99.78,0.00,0.00,0.00,2012-08-07,2012-08-13,1
20120731,06025,Imperial County,CA,0.00,100.00,99.78,0.00,0.00,0.00,2012-07-31,2012-08-06,1
20120724,06025,Imperial County,CA,0.00,100.00,99.78,0.00,0.00,0.00,2012-07-24,2012-07-30,1
20120717,06025,Imperial County,CA,0.00,100.00,99.78,0.00,0.00,0.00,2012-07-17,2012-07-23,1
20120710,06025,Imperial County,CA,0.00,100.00,99.78,0.00,0.00,0.00,2012-07-10,2012-07-16,1
20120703,06025,Imperial County,CA,0.00,100.00,99.74,0.00,0.00,0.00,2012-07-03,2012-07-09,1
20120626,06025,Imperial County,CA,0.00,100.00,94.98,0.00,0.00,0.00,2012-06-26,2012-07-02,1
20120619,06025,Imperial County,CA,0.00,100.00,94.98,0.00,0.00,0.00,2012-06-19,2012-06-25,1
20120612,06025,Imperial County,CA,0.00,100.00,71.97,0.00,0.00,0.00,2012-06-12,2012-06-18,1
20120605,06025,Imperial County,CA,0.00,100.00,71.97,0.00,0.00,0.00,2012-06-05,2012-06-11,1
20120529,06025,Imperial County,CA,0.00,100.00,71.97,0.00,0.00,0.00,2012-05-29,2012-06-04,1
20120522,06025,Imperial County,CA,0.00,100.00,71.97,0.00,0.00,0.00,2012-05-22,2012-05-28,1
20120515,06025,Imperial County,CA,0.00,100.00,71.97,0.00,0.00,0.00,2012-05-15,2012-05-21,1
20120508,06025,Imperial County,CA,0.00,100.00,71.97,0.00,0.00,0.00,2012-05-08,2012-05-14,1
20120501,06025,Imperial County,CA,0.00,100.00,72.08,0.00,0.00,0.00,2012-05-01,2012-05-07,1
20120424,06025,Imperial County,CA,0.00,100.00,72.08,0.00,0.00,0.00,2012-04-24,2012-04-30,1
20120417,06025,Imperial County,CA,0.00,100.00,72.08,0.00,0.00,0.00,2012-04-17,2012-04-23,1
20120410,06025,Imperial County,CA,0.00,100.00,71.63,0.00,0.00,0.00,2012-04-10,2012-04-16,1
20120403,06025,Imperial County,CA,0.00,100.00,71.63,0.00,0.00,0.00,2012-04-03,2012-04-09,1
20120327,06025,Imperial County,CA,0.00,100.00,71.65,0.00,0.00,0.00,2012-03-27,2012-04-02,1
20120320,06025,Imperial County,CA,0.00,100.00,71.65,0.00,0.00,0.00,2012-03-20,2012-03-26,1
20120313,06025,Imperial County,CA,0.00,100.00,54.59,0.00,0.00,0.00,2012-03-13,2012-03-19,1
20120306,06025,Imperial County,CA,0.00,100.00,45.87,0.00,0.00,0.00,2012-03-06,2012-03-12,1
20120228,06025,Imperial County,CA,0.00,100.00,45.87,0.00,0.00,0.00,2012-02-28,2012-03-05,1
20120221,06025,Imperial County,CA,0.00,100.00,45.87,0.00,0.00,0.00,2012-02-21,2012-02-27,1
20120214,06025,Imperial County,CA,0.00,100.00,45.87,0.00,0.00,0.00,2012-02-14,2012-02-20,1
20120207,06025,Imperial County,CA,0.00,100.00,45.87,0.00,0.00,0.00,2012-02-07,2012-02-13,1
20120131,06025,Imperial County,CA,17.87,82.13,13.59,0.00,0.00,0.00,2012-01-31,2012-02-06,1
20120124,06025,Imperial County,CA,40.42,59.58,0.00,0.00,0.00,0.00,2012-01-24,2012-01-30,1
20120117,06025,Imperial County,CA,56.01,43.99,0.00,0.00,0.00,0.00,2012-01-17,2012-01-23,1
20120110,06025,Imperial County,CA,56.01,43.99,0.00,0.00,0.00,0.00,2012-01-10,2012-01-16,1
20120103,06025,Imperial County,CA,56.01,43.99,0.00,0.00,0.00,0.00,2012-01-03,2012-01-09,1
20111227,06025,Imperial County,CA,56.01,43.99,0.00,0.00,0.00,0.00,2011-12-27,2012-01-02,1
20111220,06025,Imperial County,CA,56.01,43.99,0.00,0.00,0.00,0.00,2011-12-20,2011-12-26,1
20111213,06025,Imperial County,CA,15.51,84.49,0.00,0.00,0.00,0.00,2011-12-13,2011-12-19,1
20111206,06025,Imperial County,CA,15.51,84.49,0.00,0.00,0.00,0.00,2011-12-06,2011-12-12,1
20111129,06025,Imperial County,CA,15.51,84.49,0.00,0.00,0.00,0.00,2011-11-29,2011-12-05,1
20111122,06025,Imperial County,CA,15.51,84.49,0.00,0.00,0.00,0.00,2011-11-22,2011-11-28,1
20111115,06025,Imperial County,CA,15.51,84.49,0.00,0.00,0.00,0.00,2011-11-15,2011-11-21,1
20111108,06025,Imperial County,CA,15.79,84.21,0.00,0.00,0.00,0.00,2011-11-08,2011-11-14,1
20111101,06025,Imperial County,CA,15.79,84.21,0.00,0.00,0.00,0.00,2011-11-01,2011-11-07,1
20111025,06025,Imperial County,CA,16.75,83.25,0.00,0.00,0.00,0.00,2011-10-25,2011-10-31,1
20111018,06025,Imperial County,CA,16.75,83.25,0.00,0.00,0.00,0.00,2011-10-18,2011-10-24,1
20111011,06025,Imperial County,CA,16.75,83.25,0.00,0.00,0.00,0.00,2011-10-11,2011-10-17,1
20111004,06025,Imperial County,CA,16.75,83.25,0.00,0.00,0.00,0.00,2011-10-04,2011-10-10,1
20110927,06025,Imperial County,CA,15.78,84.22,0.00,0.00,0.00,0.00,2011-09-27,2011-10-03,1
20110920,06025,Imperial County,CA,15.78,84.22,0.00,0.00,0.00,0.00,2011-09-20,2011-09-26,1
20110913,06025,Imperial County,CA,15.78,84.22,0.00,0.00,0.00,0.00,2011-09-13,2011-09-19,1
20110906,06025,Imperial County,CA,17.00,83.00,0.00,0.00,0.00,0.00,2011-09-06,2011-09-12,1
20110830,06025,Imperial County,CA,18.07,81.93,0.00,0.00,0.00,0.00,2011-08-30,2011-09-05,1
20110823,06025,Imperial County,CA,17.94,82.06,0.00,0.00,0.00,0.00,2011-08-23,2011-08-29,1
20110816,06025,Imperial County,CA,17.94,82.06,0.00,0.00,0.00,0.00,2011-08-16,2011-08-22,1
20110809,06025,Imperial County,CA,17.94,82.06,0.00,0.00,0.00,0.00,2011-08-09,2011-08-15,1
20110802,06025,Imperial County,CA,17.94,82.06,0.00,0.00,0.00,0.00,2011-08-02,2011-08-08,1
20110726,06025,Imperial County,CA,17.94,82.06,0.00,0.00,0.00,0.00,2011-07-26,2011-08-01,1
20110719,06025,Imperial County,CA,17.94,82.06,0.00,0.00,0.00,0.00,2011-07-19,2011-07-25,1
20110712,06025,Imperial County,CA,17.94,82.06,0.00,0.00,0.00,0.00,2011-07-12,2011-07-18,1
20110705,06025,Imperial County,CA,17.94,82.06,0.00,0.00,0.00,0.00,2011-07-05,2011-07-11,1
20110628,06025,Imperial County,CA,17.94,82.06,0.00,0.00,0.00,0.00,2011-06-28,2011-07-04,1
20110621,06025,Imperial County,CA,99.75,0.25,0.00,0.00,0.00,0.00,2011-06-21,2011-06-27,1
20110614,06025,Imperial County,CA,99.66,0.34,0.00,0.00,0.00,0.00,2011-06-14,2011-06-20,1
20110607,06025,Imperial County,CA,99.66,0.34,0.00,0.00,0.00,0.00,2011-06-07,2011-06-13,1
20110531,06025,Imperial County,CA,99.66,0.34,0.00,0.00,0.00,0.00,2011-05-31,2011-06-06,1
20110524,06025,Imperial County,CA,99.66,0.34,0.00,0.00,0.00,0.00,2011-05-24,2011-05-30,1
20110517,06025,Imperial County,CA,99.66,0.34,0.00,0.00,0.00,0.00,2011-05-17,2011-05-23,1
20110510,06025,Imperial County,CA,99.66,0.34,0.00,0.00,0.00,0.00,2011-05-10,2011-05-16,1
20110503,06025,Imperial County,CA,99.66,0.34,0.00,0.00,0.00,0.00,2011-05-03,2011-05-09,1
20110426,06025,Imperial County,CA,99.66,0.34,0.00,0.00,0.00,0.00,2011-04-26,2011-05-02,1
20110419,06025,Imperial County,CA,99.66,0.34,0.00,0.00,0.00,0.00,2011-04-19,2011-04-25,1
20110412,06025,Imperial County,CA,99.66,0.34,0.00,0.00,0.00,0.00,2011-04-12,2011-04-18,1
20110405,06025,Imperial County,CA,99.66,0.34,0.00,0.00,0.00,0.00,2011-04-05,2011-04-11,1
20110329,06025,Imperial County,CA,97.74,2.26,0.00,0.00,0.00,0.00,2011-03-29,2011-04-04,1
20110322,06025,Imperial County,CA,97.74,2.26,0.00,0.00,0.00,0.00,2011-03-22,2011-03-28,1
20110315,06025,Imperial County,CA,97.74,2.26,0.00,0.00,0.00,0.00,2011-03-15,2011-03-21,1
20110308,06025,Imperial County,CA,97.74,2.26,0.00,0.00,0.00,0.00,2011-03-08,2011-03-14,1
20110301,06025,Imperial County,CA,97.74,2.26,0.00,0.00,0.00,0.00,2011-03-01,2011-03-07,1
20110222,06025,Imperial County,CA,97.74,2.26,0.00,0.00,0.00,0.00,2011-02-22,2011-02-28,1
20110215,06025,Imperial County,CA,97.74,2.26,0.00,0.00,0.00,0.00,2011-02-15,2011-02-21,1
20110208,06025,Imperial County,CA,97.74,2.26,0.00,0.00,0.00,0.00,2011-02-08,2011-02-14,1
20110201,06025,Imperial County,CA,97.74,2.26,0.00,0.00,0.00,0.00,2011-02-01,2011-02-07,1
20110125,06025,Imperial County,CA,97.74,2.26,0.00,0.00,0.00,0.00,2011-01-25,2011-01-31,1
20110118,06025,Imperial County,CA,97.74,2.26,0.00,0.00,0.00,0.00,2011-01-18,2011-01-24,1
20110111,06025,Imperial County,CA,97.47,2.53,0.00,0.00,0.00,0.00,2011-01-11,2011-01-17,1
20110104,06025,Imperial County,CA,97.47,2.53,0.00,0.00,0.00,0.00,2011-01-04,2011-01-10,1
20101228,06025,Imperial County,CA,97.28,2.72,0.00,0.00,0.00,0.00,2010-12-28,2011-01-03,1
20101221,06025,Imperial County,CA,87.78,12.22,0.00,0.00,0.00,0.00,2010-12-21,2010-12-27,1
20101214,06025,Imperial County,CA,87.78,12.22,0.00,0.00,0.00,0.00,2010-12-14,2010-12-20,1
20101207,06025,Imperial County,CA,87.78,12.22,0.00,0.00,0.00,0.00,2010-12-07,2010-12-13,1
20101130,06025,Imperial County,CA,87.78,12.22,0.00,0.00,0.00,0.00,2010-11-30,2010-12-06,1
20101123,06025,Imperial County,CA,87.57,12.43,0.00,0.00,0.00,0.00,2010-11-23,2010-11-29,1
20101116,06025,Imperial County,CA,87.57,12.43,0.00,0.00,0.00,0.00,2010-11-16,2010-11-22,1
20101109,06025,Imperial County,CA,87.57,12.43,0.00,0.00,0.00,0.00,2010-11-09,2010-11-15,1
20101102,06025,Imperial County,CA,87.57,12.43,0.00,0.00,0.00,0.00,2010-11-02,2010-11-08,1
20101026,06025,Imperial County,CA,87.57,12.43,0.00,0.00,0.00,0.00,2010-10-26,2010-11-01,1
20101019,06025,Imperial County,CA,87.66,12.34,0.00,0.00,0.00,0.00,2010-10-19,2010-10-25,1
20101012,06025,Imperial County,CA,87.66,12.34,0.00,0.00,0.00,0.00,2010-10-12,2010-10-18,1
20101005,06025,Imperial County,CA,87.66,12.34,0.00,0.00,0.00,0.00,2010-10-05,2010-10-11,1
20100928,06025,Imperial County,CA,87.66,12.34,0.00,0.00,0.00,0.00,2010-09-28,2010-10-04,1
20100921,06025,Imperial County,CA,87.66,12.34,0.00,0.00,0.00,0.00,2010-09-21,2010-09-27,1
20100914,06025,Imperial County,CA,87.66,12.34,0.00,0.00,0.00,0.00,2010-09-14,2010-09-20,1
20100907,06025,Imperial County,CA,87.66,12.34,0.00,0.00,0.00,0.00,2010-09-07,2010-09-13,1
20100831,06025,Imperial County,CA,87.66,12.34,0.00,0.00,0.00,0.00,2010-08-31,2010-09-06,1
20100824,06025,Imperial County,CA,87.66,12.34,0.00,0.00,0.00,0.00,2010-08-24,2010-08-30,1
20100817,06025,Imperial County,CA,87.66,12.34,0.00,0.00,0.00,0.00,2010-08-17,2010-08-23,1
20100810,06025,Imperial County,CA,87.66,12.34,0.00,0.00,0.00,0.00,2010-08-10,2010-08-16,1
20100803,06025,Imperial County,CA,87.66,12.34,0.00,0.00,0.00,0.00,2010-08-03,2010-08-09,1
20100727,06025,Imperial County,CA,94.50,5.50,0.00,0.00,0.00,0.00,2010-07-27,2010-08-02,1
20100720,06025,Imperial County,CA,100.00,0.00,0.00,0.00,0.00,0.00,2010-07-20,2010-07-26,1
20100713,06025,Imperial County,CA,100.00,0.00,0.00,0.00,0.00,0.00,2010-07-13,2010-07-19,1
20100706,06025,Imperial County,CA,100.00,0.00,0.00,0.00,0.00,0.00,2010-07-06,2010-07-12,1
20100629,06025,Imperial County,CA,100.00,0.00,0.00,0.00,0.00,0.00,2010-06-29,2010-07-05,1
20100622,06025,Imperial County,CA,100.00,0.00,0.00,0.00,0.00,0.00,2010-06-22,2010-06-28,1
20100615,06025,Imperial County,CA,100.00,0.00,0.00,0.00,0.00,0.00,2010-06-15,2010-06-21,1
20100608,06025,Imperial County,CA,100.00,0.00,0.00,0.00,0.00,0.00,2010-06-08,2010-06-14,1
20100601,06025,Imperial County,CA,100.00,0.00,0.00,0.00,0.00,0.00,2010-06-01,2010-06-07,1
20100525,06025,Imperial County,CA,100.00,0.00,0.00,0.00,0.00,0.00,2010-05-25,2010-05-31,1
20100518,06025,Imperial County,CA,100.00,0.00,0.00,0.00,0.00,0.00,2010-05-18,2010-05-24,1
20100511,06025,Imperial County,CA,100.00,0.00,0.00,0.00,0.00,0.00,2010-05-11,2010-05-17,1
20100504,06025,Imperial County,CA,100.00,0.00,0.00,0.00,0.00,0.00,2010-05-04,2010-05-10,1
20100427,06025,Imperial County,CA,100.00,0.00,0.00,0.00,0.00,0.00,2010-04-27,2010-05-03,1
20100420,06025,Imperial County,CA,100.00,0.00,0.00,0.00,0.00,0.00,2010-04-20,2010-04-26,1
20100413,06025,Imperial County,CA,100.00,0.00,0.00,0.00,0.00,0.00,2010-04-13,2010-04-19,1
20100406,06025,Imperial County,CA,100.00,0.00,0.00,0.00,0.00,0.00,2010-04-06,2010-04-12,1
20100330,06025,Imperial County,CA,100.00,0.00,0.00,0.00,0.00,0.00,2010-03-30,2010-04-05,1
20100323,06025,Imperial County,CA,100.00,0.00,0.00,0.00,0.00,0.00,2010-03-23,2010-03-29,1
20100316,06025,Imperial County,CA,100.00,0.00,0.00,0.00,0.00,0.00,2010-03-16,2010-03-22,1
20100309,06025,Imperial County,CA,100.00,0.00,0.00,0.00,0.00,0.00,2010-03-09,2010-03-15,1
20100302,06025,Imperial County,CA,100.00,0.00,0.00,0.00,0.00,0.00,2010-03-02,2010-03-08,1
20100223,06025,Imperial County,CA,100.00,0.00,0.00,0.00,0.00,0.00,2010-02-23,2010-03-01,1
20100216,06025,Imperial County,CA,100.00,0.00,0.00,0.00,0.00,0.00,2010-02-16,2010-02-22,1
20100209,06025,Imperial County,CA,46.32,53.68,0.00,0.00,0.00,0.00,2010-02-09,2010-02-15,1
20100202,06025,Imperial County,CA,45.82,54.18,0.00,0.00,0.00,0.00,2010-02-02,2010-02-08,1
20100126,06025,Imperial County,CA,45.71,54.29,0.00,0.00,0.00,0.00,2010-01-26,2010-02-01,1
20100119,06025,Imperial County,CA,0.00,100.00,70.62,0.00,0.00,0.00,2010-01-19,2010-01-25,1
20100112,06025,Imperial County,CA,0.00,100.00,70.62,0.00,0.00,0.00,2010-01-12,2010-01-18,1
20100105,06025,Imperial County,CA,0.00,100.00,70.62,0.00,0.00,0.00,2010-01-05,2010-01-11,1
20091229,06025,Imperial County,CA,0.00,100.00,70.62,0.00,0.00,0.00,2009-12-29,2010-01-04,1
20091222,06025,Imperial County,CA,0.00,100.00,70.62,0.00,0.00,0.00,2009-12-22,2009-12-28,1
20091215,06025,Imperial County,CA,0.00,100.00,70.62,0.00,0.00,0.00,2009-12-15,2009-12-21,1
20091208,06025,Imperial County,CA,0.00,100.00,70.62,2.23,0.00,0.00,2009-12-08,2009-12-14,1
20091201,06025,Imperial County,CA,0.00,100.00,70.62,2.23,0.00,0.00,2009-12-01,2009-12-07,1
20091124,06025,Imperial County,CA,0.00,100.00,70.62,2.23,0.00,0.00,2009-11-24,2009-11-30,1
20091117,06025,Imperial County,CA,0.00,100.00,63.25,2.23,0.00,0.00,2009-11-17,2009-11-23,1
20091110,06025,Imperial County,CA,0.00,100.00,63.25,2.23,0.00,0.00,2009-11-10,2009-11-16,1
20091103,06025,Imperial County,CA,0.00,100.00,64.09,2.23,0.00,0.00,2009-11-03,2009-11-09,1
20091027,06025,Imperial County,CA,0.00,100.00,37.97,2.23,0.00,0.00,2009-10-27,2009-11-02,1
20091020,06025,Imperial County,CA,0.00,100.00,37.97,2.23,0.00,0.00,2009-10-20,2009-10-26,1
20091013,06025,Imperial County,CA,0.00,100.00,37.97,2.23,0.00,0.00,2009-10-13,2009-10-19,1
20091006,06025,Imperial County,CA,0.00,100.00,37.97,2.23,0.00,0.00,2009-10-06,2009-10-12,1
20090929,06025,Imperial County,CA,0.00,100.00,37.97,2.23,0.00,0.00,2009-09-29,2009-10-05,1
20090922,06025,Imperial County,CA,0.00,100.00,37.97,2.23,0.00,0.00,2009-09-22,2009-09-28,1
20090915,06025,Imperial County,CA,0.00,100.00,37.97,2.23,0.00,0.00,2009-09-15,2009-09-21,1
20090908,06025,Imperial County,CA,0.00,100.00,37.97,2.23,0.00,0.00,2009-09-08,2009-09-14,1
20090901,06025,Imperial County,CA,0.00,100.00,37.97,2.23,0.00,0.00,2009-09-01,2009-09-07,1
20090825,06025,Imperial County,CA,0.55,99.45,37.97,2.23,0.00,0.00,2009-08-25,2009-08-31,1
20090818,06025,Imperial County,CA,0.55,99.45,37.97,2.23,0.00,0.00,2009-08-18,2009-08-24,1
20090811,06025,Imperial County,CA,0.55,99.45,37.97,2.23,0.00,0.00,2009-08-11,2009-08-17,1
20090804,06025,Imperial County,CA,0.81,99.19,37.97,2.23,0.00,0.00,2009-08-04,2009-08-10,1
20090728,06025,Imperial County,CA,0.57,99.43,37.97,2.23,0.00,0.00,2009-07-28,2009-08-03,1
20090721,06025,Imperial County,CA,0.57,99.43,37.97,2.23,0.00,0.00,2009-07-21,2009-07-27,1
20090714,06025,Imperial County,CA,0.57,99.43,37.97,2.23,0.00,0.00,2009-07-14,2009-07-20,1
20090707,06025,Imperial County,CA,0.57,99.43,37.97,2.23,0.00,0.00,2009-07-07,2009-07-13,1
20090630,06025,Imperial County,CA,0.57,99.43,37.97,2.23,0.00,0.00,2009-06-30,2009-07-06,1
20090623,06025,Imperial County,CA,0.57,99.43,37.97,2.23,0.00,0.00,2009-06-23,2009-06-29,1
20090616,06025,Imperial County,CA,0.64,99.36,37.97,2.23,0.00,0.00,2009-06-16,2009-06-22,1
20090609,06025,Imperial County,CA,0.43,99.57,38.33,2.23,0.00,0.00,2009-06-09,2009-06-15,1
20090602,06025,Imperial County,CA,0.43,99.57,38.33,2.23,0.00,0.00,2009-06-02,2009-06-08,1
20090526,06025,Imperial County,CA,0.25,99.75,37.44,0.00,0.00,0.00,2009-05-26,2009-06-01,1
20090519,06025,Imperial County,CA,0.25,99.75,37.44,0.00,0.00,0.00,2009-05-19,2009-05-25,1
20090512,06025,Imperial County,CA,0.36,99.64,37.44,0.00,0.00,0.00,2009-05-12,2009-05-18,1
20090505,06025,Imperial County,CA,0.36,99.64,37.44,0.00,0.00,0.00,2009-05-05,2009-05-11,1
20090428,06025,Imperial County,CA,0.36,99.64,37.44,0.00,0.00,0.00,2009-04-28,2009-05-04,1
20090421,06025,Imperial County,CA,0.36,99.64,37.44,0.00,0.00,0.00,2009-04-21,2009-04-27,1
20090414,06025,Imperial County,CA,23.59,76.41,0.00,0.00,0.00,0.00,2009-04-14,2009-04-20,1
20090407,06025,Imperial County,CA,23.59,76.41,0.00,0.00,0.00,0.00,2009-04-07,2009-04-13,1
20090331,06025,Imperial County,CA,23.59,76.41,0.00,0.00,0.00,0.00,2009-03-31,2009-04-06,1
20090324,06025,Imperial County,CA,23.59,76.41,0.00,0.00,0.00,0.00,2009-03-24,2009-03-30,1
20090317,06025,Imperial County,CA,23.59,76.41,0.00,0.00,0.00,0.00,2009-03-17,2009-03-23,1
20090310,06025,Imperial County,CA,23.59,76.41,0.00,0.00,0.00,0.00,2009-03-10,2009-03-16,1
20090303,06025,Imperial County,CA,23.59,76.41,0.00,0.00,0.00,0.00,2009-03-03,2009-03-09,1
20090224,06025,Imperial County,CA,23.59,76.41,0.00,0.00,0.00,0.00,2009-02-24,2009-03-02,1
20090217,06025,Imperial County,CA,23.59,76.41,0.00,0.00,0.00,0.00,2009-02-17,2009-02-23,1
20090210,06025,Imperial County,CA,3.93,96.07,33.30,0.00,0.00,0.00,2009-02-10,2009-02-16,1
20090203,06025,Imperial County,CA,0.00,100.00,96.28,0.00,0.00,0.00,2009-02-03,2009-02-09,1
20090127,06025,Imperial County,CA,0.00,100.00,96.28,0.00,0.00,0.00,2009-01-27,2009-02-02,1
20090120,06025,Imperial County,CA,0.00,100.00,96.28,0.00,0.00,0.00,2009-01-20,2009-01-26,1
20090113,06025,Imperial County,CA,0.00,100.00,96.28,0.00,0.00,0.00,2009-01-13,2009-01-19,1
20090106,06025,Imperial County,CA,0.00,100.00,96.28,0.00,0.00,0.00,2009-01-06,2009-01-12,1
20081230,06025,Imperial County,CA,0.00,100.00,96.28,0.00,0.00,0.00,2008-12-30,2009-01-05,1
20081223,06025,Imperial County,CA,0.00,100.00,96.28,0.00,0.00,0.00,2008-12-23,2008-12-29,1
20081216,06025,Imperial County,CA,0.00,100.00,96.28,39.22,0.00,0.00,2008-12-16,2008-12-22,1
20081209,06025,Imperial County,CA,0.00,100.00,96.28,39.22,0.00,0.00,2008-12-09,2008-12-15,1
20081202,06025,Imperial County,CA,0.00,100.00,96.28,39.22,0.00,0.00,2008-12-02,2008-12-08,1
20081125,06025,Imperial County,CA,0.00,100.00,96.28,39.22,0.00,0.00,2008-11-25,2008-12-01,1
20081118,06025,Imperial County,CA,0.00,100.00,96.28,39.22,0.00,0.00,2008-11-18,2008-11-24,1
20081111,06025,Imperial County,CA,0.00,100.00,96.28,39.22,0.00,0.00,2008-11-11,2008-11-17,1
20081104,06025,Imperial County,CA,0.00,100.00,96.28,2.30,0.00,0.00,2008-11-04,2008-11-10,1
20081028,06025,Imperial County,CA,0.00,100.00,96.28,2.30,0.00,0.00,2008-10-28,2008-11-03,1
20081021,06025,Imperial County,CA,0.00,100.00,96.19,2.63,0.00,0.00,2008-10-21,2008-10-27,1
20081014,06025,Imperial County,CA,0.00,100.00,96.25,2.40,0.00,0.00,2008-10-14,2008-10-20,1
20081007,06025,Imperial County,CA,0.00,100.00,96.26,0.00,0.00,0.00,2008-10-07,2008-10-13,1
20080930,06025,Imperial County,CA,0.00,100.00,96.26,0.00,0.00,0.00,2008-09-30,2008-10-06,1
20080923,06025,Imperial County,CA,0.00,100.00,96.26,0.00,0.00,0.00,2008-09-23,2008-09-29,1
20080916,06025,Imperial County,CA,0.00,100.00,96.26,0.00,0.00,0.00,2008-09-16,2008-09-22,1
20080909,06025,Imperial County,CA,0.00,100.00,96.26,0.00,0.00,0.00,2008-09-09,2008-09-15,1
20080902,06025,Imperial County,CA,0.00,100.00,96.26,0.00,0.00,0.00,2008-09-02,2008-09-08,1
20080826,06025,Imperial County,CA,0.00,100.00,96.26,0.00,0.00,0.00,2008-08-26,2008-09-01,1
20080819,06025,Imperial County,CA,0.00,100.00,96.26,0.00,0.00,0.00,2008-08-19,2008-08-25,1
20080812,06025,Imperial County,CA,0.00,100.00,96.26,0.00,0.00,0.00,2008-08-12,2008-08-18,1
20080805,06025,Imperial County,CA,0.00,100.00,96.26,0.00,0.00,0.00,2008-08-05,2008-08-11,1
20080729,06025,Imperial County,CA,0.00,100.00,96.26,0.00,0.00,0.00,2008-07-29,2008-08-04,1
20080722,06025,Imperial County,CA,0.00,100.00,96.26,0.00,0.00,0.00,2008-07-22,2008-07-28,1
20080715,06025,Imperial County,CA,0.00,100.00,100.00,0.00,0.00,0.00,2008-07-15,2008-07-21,1
20080708,06025,Imperial County,CA,0.00,100.00,100.00,0.00,0.00,0.00,2008-07-08,2008-07-14,1
20080701,06025,Imperial County,CA,0.00,100.00,100.00,0.00,0.00,0.00,2008-07-01,2008-07-07,1
20080624,06025,Imperial County,CA,0.00,100.00,100.00,0.00,0.00,0.00,2008-06-24,2008-06-30,1
20080617,06025,Imperial County,CA,0.00,100.00,100.00,0.00,0.00,0.00,2008-06-17,2008-06-23,1
20080610,06025,Imperial County,CA,0.00,100.00,100.00,0.00,0.00,0.00,2008-06-10,2008-06-16,1
20080603,06025,Imperial County,CA,0.00,100.00,100.00,0.00,0.00,0.00,2008-06-03,2008-06-09,1
20080527,06025,Imperial County,CA,0.00,100.00,100.00,0.00,0.00,0.00,2008-05-27,2008-06-02,1
20080520,06025,Imperial County,CA,0.00,100.00,100.00,0.00,0.00,0.00,2008-05-20,2008-05-26,1
20080513,06025,Imperial County,CA,0.00,100.00,100.00,0.00,0.00,0.00,2008-05-13,2008-05-19,1
20080506,06025,Imperial County,CA,0.00,100.00,100.00,0.00,0.00,0.00,2008-05-06,2008-05-12,1
20080429,06025,Imperial County,CA,0.00,100.00,100.00,0.00,0.00,0.00,2008-04-29,2008-05-05,1
20080422,06025,Imperial County,CA,0.00,100.00,100.00,0.00,0.00,0.00,2008-04-22,2008-04-28,1
20080415,06025,Imperial County,CA,0.00,100.00,100.00,0.00,0.00,0.00,2008-04-15,2008-04-21,1
20080408,06025,Imperial County,CA,0.00,100.00,100.00,0.00,0.00,0.00,2008-04-08,2008-04-14,1
20080401,06025,Imperial County,CA,0.00,100.00,100.00,0.00,0.00,0.00,2008-04-01,2008-04-07,1
20080325,06025,Imperial County,CA,0.00,100.00,100.00,0.00,0.00,0.00,2008-03-25,2008-03-31,1
20080318,06025,Imperial County,CA,0.00,100.00,100.00,78.58,0.00,0.00,2008-03-18,2008-03-24,1
20080311,06025,Imperial County,CA,0.00,100.00,100.00,78.58,0.00,0.00,2008-03-11,2008-03-17,1
20080304,06025,Imperial County,CA,0.00,100.00,100.00,78.58,0.00,0.00,2008-03-04,2008-03-10,1
20080226,06025,Imperial County,CA,0.00,100.00,100.00,78.58,0.00,0.00,2008-02-26,2008-03-03,1
20080219,06025,Imperial County,CA,0.00,100.00,100.00,78.58,0.00,0.00,2008-02-19,2008-02-25,1
20080212,06025,Imperial County,CA,0.00,100.00,100.00,78.58,0.00,0.00,2008-02-12,2008-02-18,1
20080205,06025,Imperial County,CA,0.00,100.00,100.00,78.58,0.00,0.00,2008-02-05,2008-02-11,1
20080129,06025,Imperial County,CA,0.00,100.00,100.00,78.58,0.00,0.00,2008-01-29,2008-02-04,1
20080122,06025,Imperial County,CA,0.00,100.00,100.00,99.72,0.00,0.00,2008-01-22,2008-01-28,1
20080115,06025,Imperial County,CA,0.00,100.00,100.00,99.72,0.00,0.00,2008-01-15,2008-01-21,1
20080108,06025,Imperial County,CA,0.00,100.00,100.00,99.72,0.00,0.00,2008-01-08,2008-01-14,1
20080101,06025,Imperial County,CA,0.00,100.00,100.00,100.00,0.00,0.00,2008-01-01,2008-01-07,1
20071225,06025,Imperial County,CA,0.00,100.00,100.00,100.00,0.00,0.00,2007-12-25,2007-12-31,1
20071218,06025,Imperial County,CA,0.00,100.00,100.00,100.00,0.00,0.00,2007-12-18,2007-12-24,1
20071211,06025,Imperial County,CA,0.00,100.00,100.00,100.00,0.00,0.00,2007-12-11,2007-12-17,1
20071204,06025,Imperial County,CA,0.00,100.00,100.00,100.00,0.00,0.00,2007-12-04,2007-12-10,1
20071127,06025,Imperial County,CA,0.00,100.00,100.00,100.00,100.00,0.00,2007-11-27,2007-12-03,1
20071120,06025,Imperial County,CA,0.00,100.00,100.00,100.00,100.00,0.00,2007-11-20,2007-11-26,1
20071113,06025,Imperial County,CA,0.00,100.00,100.00,100.00,100.00,0.00,2007-11-13,2007-11-19,1
20071106,06025,Imperial County,CA,0.00,100.00,100.00,100.00,100.00,0.00,2007-11-06,2007-11-12,1
20071030,06025,Imperial County,CA,0.00,100.00,100.00,100.00,100.00,0.00,2007-10-30,2007-11-05,1
20071023,06025,Imperial County,CA,0.00,100.00,100.00,100.00,100.00,0.00,2007-10-23,2007-10-29,1
20071016,06025,Imperial County,CA,0.00,100.00,100.00,100.00,100.00,0.00,2007-10-16,2007-10-22,1
20071009,06025,Imperial County,CA,0.00,100.00,100.00,100.00,100.00,0.00,2007-10-09,2007-10-15,1
20071002,06025,Imperial County,CA,0.00,100.00,100.00,100.00,100.00,0.00,2007-10-02,2007-10-08,1
20070925,06025,Imperial County,CA,0.00,100.00,100.00,100.00,100.00,0.00,2007-09-25,2007-10-01,1
20070918,06025,Imperial County,CA,0.00,100.00,100.00,100.00,100.00,0.00,2007-09-18,2007-09-24,1
20070911,06025,Imperial County,CA,0.00,100.00,100.00,100.00,100.00,0.00,2007-09-11,2007-09-17,1
20070904,06025,Imperial County,CA,0.00,100.00,100.00,100.00,100.00,0.00,2007-09-04,2007-09-10,1
20070828,06025,Imperial County,CA,0.00,100.00,100.00,100.00,100.00,0.00,2007-08-28,2007-09-03,1
20070821,06025,Imperial County,CA,0.00,100.00,100.00,100.00,100.00,0.00,2007-08-21,2007-08-27,1
20070814,06025,Imperial County,CA,0.00,100.00,100.00,100.00,100.00,0.00,2007-08-14,2007-08-20,1
20070807,06025,Imperial County,CA,0.00,100.00,100.00,100.00,100.00,0.00,2007-08-07,2007-08-13,1
20070731,06025,Imperial County,CA,0.00,100.00,100.00,100.00,100.00,0.00,2007-07-31,2007-08-06,1
20070724,06025,Imperial County,CA,0.00,100.00,100.00,100.00,100.00,0.00,2007-07-24,2007-07-30,1
20070717,06025,Imperial County,CA,0.00,100.00,100.00,100.00,100.00,0.00,2007-07-17,2007-07-23,1
20070710,06025,Imperial County,CA,0.00,100.00,100.00,100.00,100.00,0.00,2007-07-10,2007-07-16,1
20070703,06025,Imperial County,CA,0.00,100.00,100.00,100.00,100.00,0.00,2007-07-03,2007-07-09,1
20070626,06025,Imperial County,CA,0.00,100.00,100.00,100.00,100.00,0.00,2007-06-26,2007-07-02,1
20070619,06025,Imperial County,CA,0.00,100.00,100.00,100.00,100.00,0.00,2007-06-19,2007-06-25,1
20070612,06025,Imperial County,CA,0.00,100.00,100.00,100.00,100.00,0.00,2007-06-12,2007-06-18,1
20070605,06025,Imperial County,CA,0.00,100.00,100.00,100.00,100.00,0.00,2007-06-05,2007-06-11,1
20070529,06025,Imperial County,CA,0.00,100.00,100.00,100.00,100.00,0.00,2007-05-29,2007-06-04,1
20070522,06025,Imperial County,CA,0.00,100.00,100.00,100.00,100.00,0.00,2007-05-22,2007-05-28,1
20070515,06025,Imperial County,CA,0.00,100.00,100.00,100.00,99.45,0.00,2007-05-15,2007-05-21,1
20070508,06025,Imperial County,CA,0.00,100.00,100.00,100.00,99.45,0.00,2007-05-08,2007-05-14,1
20070501,06025,Imperial County,CA,0.00,100.00,100.00,100.00,99.45,0.00,2007-05-01,2007-05-07,1
20070424,06025,Imperial County,CA,0.00,100.00,100.00,100.00,99.45,0.00,2007-04-24,2007-04-30,1
20070417,06025,Imperial County,CA,0.00,100.00,100.00,100.00,99.45,0.00,2007-04-17,2007-04-23,1
20070410,06025,Imperial County,CA,0.00,100.00,100.00,100.00,91.14,0.00,2007-04-10,2007-04-16,1
20070403,06025,Imperial County,CA,0.00,100.00,100.00,100.00,91.14,0.00,2007-04-03,2007-04-09,1
20070327,06025,Imperial County,CA,0.00,100.00,100.00,100.00,91.14,0.00,2007-03-27,2007-04-02,1
20070320,06025,Imperial County,CA,0.00,100.00,100.00,100.00,91.14,0.00,2007-03-20,2007-03-26,1
20070313,06025,Imperial County,CA,0.00,100.00,100.00,100.00,91.14,0.00,2007-03-13,2007-03-19,1
20070306,06025,Imperial County,CA,0.00,100.00,100.00,100.00,0.00,0.00,2007-03-06,2007-03-12,1
20070227,06025,Imperial County,CA,0.00,100.00,100.00,100.00,0.00,0.00,2007-02-27,2007-03-05,1
20070220,06025,Imperial County,CA,0.00,100.00,100.00,100.00,0.00,0.00,2007-02-20,2007-02-26,1
20070213,06025,Imperial County,CA,0.00,100.00,100.00,100.00,0.00,0.00,2007-02-13,2007-02-19,1
20070206,06025,Imperial County,CA,0.00,100.00,100.00,100.00,0.00,0.00,2007-02-06,2007-02-12,1
20070130,06025,Imperial County,CA,0.00,100.00,100.00,100.00,0.00,0.00,2007-01-30,2007-02-05,1
20070123,06025,Imperial County,CA,0.00,100.00,100.00,99.97,0.00,0.00,2007-01-23,2007-01-29,1
20070116,06025,Imperial County,CA,0.00,100.00,100.00,0.00,0.00,0.00,2007-01-16,2007-01-22,1
20070109,06025,Imperial County,CA,0.00,100.00,100.00,0.00,0.00,0.00,2007-01-09,2007-01-15,1
20070102,06025,Imperial County,CA,0.00,100.00,100.00,0.00,0.00,0.00,2007-01-02,2007-01-08,1
20061226,06025,Imperial County,CA,0.00,100.00,7.36,0.00,0.00,0.00,2006-12-26,2007-01-01,1
20061219,06025,Imperial County,CA,0.00,100.00,7.36,0.00,0.00,0.00,2006-12-19,2006-12-25,1
20061212,06025,Imperial County,CA,0.00,100.00,7.36,0.00,0.00,0.00,2006-12-12,2006-12-18,1
20061205,06025,Imperial County,CA,0.00,100.00,7.36,0.00,0.00,0.00,2006-12-05,2006-12-11,1
20061128,06025,Imperial County,CA,0.00,100.00,7.13,0.00,0.00,0.00,2006-11-28,2006-12-04,1
20061121,06025,Imperial County,CA,0.00,100.00,7.13,0.00,0.00,0.00,2006-11-21,2006-11-27,1
20061114,06025,Imperial County,CA,0.00,100.00,7.13,0.00,0.00,0.00,2006-11-14,2006-11-20,1
20061107,06025,Imperial County,CA,0.00,100.00,7.13,0.00,0.00,0.00,2006-11-07,2006-11-13,1
20061031,06025,Imperial County,CA,0.00,100.00,7.13,0.00,0.00,0.00,2006-10-31,2006-11-06,1
20061024,06025,Imperial County,CA,0.00,100.00,7.13,0.00,0.00,0.00,2006-10-24,2006-10-30,1
20061017,06025,Imperial County,CA,0.00,100.00,7.13,0.00,0.00,0.00,2006-10-17,2006-10-23,1
20061010,06025,Imperial County,CA,0.00,100.00,7.13,0.00,0.00,0.00,2006-10-10,2006-10-16,1
20061003,06025,Imperial County,CA,0.00,100.00,7.13,0.00,0.00,0.00,2006-10-03,2006-10-09,1
20060926,06025,Imperial County,CA,0.00,100.00,7.13,0.00,0.00,0.00,2006-09-26,2006-10-02,1
20060919,06025,Imperial County,CA,0.00,100.00,7.13,0.00,0.00,0.00,2006-09-19,2006-09-25,1
20060912,06025,Imperial County,CA,0.00,100.00,61.00,4.53,0.00,0.00,2006-09-12,2006-09-18,1
20060905,06025,Imperial County,CA,0.00,100.00,61.00,4.57,0.00,0.00,2006-09-05,2006-09-11,1
20060829,06025,Imperial County,CA,1.03,98.97,1.84,0.00,0.00,0.00,2006-08-29,2006-09-04,1
20060822,06025,Imperial County,CA,0.57,99.43,1.98,0.00,0.00,0.00,2006-08-22,2006-08-28,1
20060815,06025,Imperial County,CA,0.00,100.00,4.17,0.00,0.00,0.00,2006-08-15,2006-08-21,1
20060808,06025,Imperial County,CA,0.00,100.00,3.32,0.00,0.00,0.00,2006-08-08,2006-08-14,1
20060801,06025,Imperial County,CA,0.00,100.00,3.32,0.00,0.00,0.00,2006-08-01,2006-08-07,1
20060725,06025,Imperial County,CA,0.00,100.00,3.32,0.00,0.00,0.00,2006-07-25,2006-07-31,1
20060718,06025,Imperial County,CA,0.00,100.00,3.32,0.00,0.00,0.00,2006-07-18,2006-07-24,1
20060711,06025,Imperial County,CA,0.00,100.00,3.32,0.00,0.00,0.00,2006-07-11,2006-07-17,1
20060704,06025,Imperial County,CA,0.00,100.00,2.24,0.00,0.00,0.00,2006-07-04,2006-07-10,1
20060627,06025,Imperial County,CA,0.00,100.00,2.01,0.00,0.00,0.00,2006-06-27,2006-07-03,1
20060620,06025,Imperial County,CA,0.00,100.00,2.01,0.00,0.00,0.00,2006-06-20,2006-06-26,1
20060613,06025,Imperial County,CA,0.00,100.00,2.01,0.00,0.00,0.00,2006-06-13,2006-06-19,1
20060606,06025,Imperial County,CA,0.00,100.00,2.01,0.00,0.00,0.00,2006-06-06,2006-06-12,1
20060530,06025,Imperial County,CA,0.00,100.00,2.01,0.00,0.00,0.00,2006-05-30,2006-06-05,1
20060523,06025,Imperial County,CA,0.00,100.00,2.01,0.00,0.00,0.00,2006-05-23,2006-05-29,1
20060516,06025,Imperial County,CA,0.00,100.00,2.01,0.00,0.00,0.00,2006-05-16,2006-05-22,1
20060509,06025,Imperial County,CA,0.00,100.00,0.00,0.00,0.00,0.00,2006-05-09,2006-05-15,1
20060502,06025,Imperial County,CA,0.00,100.00,0.00,0.00,0.00,0.00,2006-05-02,2006-05-08,1
20060425,06025,Imperial County,CA,0.00,100.00,0.00,0.00,0.00,0.00,2006-04-25,2006-05-01,1
20060418,06025,Imperial County,CA,0.00,100.00,0.00,0.00,0.00,0.00,2006-04-18,2006-04-24,1
20060411,06025,Imperial County,CA,0.00,100.00,0.00,0.00,0.00,0.00,2006-04-11,2006-04-17,1
20060404,06025,Imperial County,CA,0.00,100.00,0.00,0.00,0.00,0.00,2006-04-04,2006-04-10,1
20060328,06025,Imperial County,CA,0.00,100.00,0.00,0.00,0.00,0.00,2006-03-28,2006-04-03,1
20060321,06025,Imperial County,CA,0.00,100.00,0.00,0.00,0.00,0.00,2006-03-21,2006-03-27,1
20060314,06025,Imperial County,CA,0.00,100.00,0.00,0.00,0.00,0.00,2006-03-14,2006-03-20,1
20060307,06025,Imperial County,CA,0.00,100.00,0.00,0.00,0.00,0.00,2006-03-07,2006-03-13,1
20060228,06025,Imperial County,CA,0.00,100.00,0.00,0.00,0.00,0.00,2006-02-28,2006-03-06,1
20060221,06025,Imperial County,CA,0.00,100.00,0.00,0.00,0.00,0.00,2006-02-21,2006-02-27,1
20060214,06025,Imperial County,CA,0.00,100.00,0.00,0.00,0.00,0.00,2006-02-14,2006-02-20,1
20060207,06025,Imperial County,CA,0.00,100.00,0.00,0.00,0.00,0.00,2006-02-07,2006-02-13,1
20060131,06025,Imperial County,CA,55.90,44.10,0.00,0.00,0.00,0.00,2006-01-31,2006-02-06,1
20060124,06025,Imperial County,CA,55.90,44.10,0.00,0.00,0.00,0.00,2006-01-24,2006-01-30,1
20060117,06025,Imperial County,CA,55.90,44.10,0.00,0.00,0.00,0.00,2006-01-17,2006-01-23,1
20060110,06025,Imperial County,CA,48.45,51.55,0.00,0.00,0.00,0.00,2006-01-10,2006-01-16,1
20060103,06025,Imperial County,CA,86.22,13.78,0.00,0.00,0.00,0.00,2006-01-03,2006-01-09,1
20051227,06025,Imperial County,CA,100.00,0.00,0.00,0.00,0.00,0.00,2005-12-27,2006-01-02,1
20051220,06025,Imperial County,CA,100.00,0.00,0.00,0.00,0.00,0.00,2005-12-20,2005-12-26,1
20051213,06025,Imperial County,CA,100.00,0.00,0.00,0.00,0.00,0.00,2005-12-13,2005-12-19,1
20051206,06025,Imperial County,CA,100.00,0.00,0.00,0.00,0.00,0.00,2005-12-06,2005-12-12,1
20051129,06025,Imperial County,CA,100.00,0.00,0.00,0.00,0.00,0.00,2005-11-29,2005-12-05,1
20051122,06025,Imperial County,CA,100.00,0.00,0.00,0.00,0.00,0.00,2005-11-22,2005-11-28,1
20051115,06025,Imperial County,CA,100.00,0.00,0.00,0.00,0.00,0.00,2005-11-15,2005-11-21,1
20051108,06025,Imperial County,CA,100.00,0.00,0.00,0.00,0.00,0.00,2005-11-08,2005-11-14,1
20051101,06025,Imperial County,CA,100.00,0.00,0.00,0.00,0.00,0.00,2005-11-01,2005-11-07,1
20051025,06025,Imperial County,CA,100.00,0.00,0.00,0.00,0.00,0.00,2005-10-25,2005-10-31,1
20051018,06025,Imperial County,CA,100.00,0.00,0.00,0.00,0.00,0.00,2005-10-18,2005-10-24,1
20051011,06025,Imperial County,CA,100.00,0.00,0.00,0.00,0.00,0.00,2005-10-11,2005-10-17,1
20051004,06025,Imperial County,CA,100.00,0.00,0.00,0.00,0.00,0.00,2005-10-04,2005-10-10,1
20050927,06025,Imperial County,CA,100.00,0.00,0.00,0.00,0.00,0.00,2005-09-27,2005-10-03,1
20050920,06025,Imperial County,CA,100.00,0.00,0.00,0.00,0.00,0.00,2005-09-20,2005-09-26,1
20050913,06025,Imperial County,CA,100.00,0.00,0.00,0.00,0.00,0.00,2005-09-13,2005-09-19,1
20050906,06025,Imperial County,CA,100.00,0.00,0.00,0.00,0.00,0.00,2005-09-06,2005-09-12,1
20050830,06025,Imperial County,CA,100.00,0.00,0.00,0.00,0.00,0.00,2005-08-30,2005-09-05,1
20050823,06025,Imperial County,CA,100.00,0.00,0.00,0.00,0.00,0.00,2005-08-23,2005-08-29,1
20050816,06025,Imperial County,CA,100.00,0.00,0.00,0.00,0.00,0.00,2005-08-16,2005-08-22,1
20050809,06025,Imperial County,CA,100.00,0.00,0.00,0.00,0.00,0.00,2005-08-09,2005-08-15,1
20050802,06025,Imperial County,CA,100.00,0.00,0.00,0.00,0.00,0.00,2005-08-02,2005-08-08,1
20050726,06025,Imperial County,CA,100.00,0.00,0.00,0.00,0.00,0.00,2005-07-26,2005-08-01,1
20050719,06025,Imperial County,CA,100.00,0.00,0.00,0.00,0.00,0.00,2005-07-19,2005-07-25,1
20050712,06025,Imperial County,CA,100.00,0.00,0.00,0.00,0.00,0.00,2005-07-12,2005-07-18,1
20050705,06025,Imperial County,CA,100.00,0.00,0.00,0.00,0.00,0.00,2005-07-05,2005-07-11,1
20050628,06025,Imperial County,CA,100.00,0.00,0.00,0.00,0.00,0.00,2005-06-28,2005-07-04,1
20050621,06025,Imperial County,CA,100.00,0.00,0.00,0.00,0.00,0.00,2005-06-21,2005-06-27,1
20050614,06025,Imperial County,CA,100.00,0.00,0.00,0.00,0.00,0.00,2005-06-14,2005-06-20,1
20050607,06025,Imperial County,CA,100.00,0.00,0.00,0.00,0.00,0.00,2005-06-07,2005-06-13,1
20050531,06025,Imperial County,CA,100.00,0.00,0.00,0.00,0.00,0.00,2005-05-31,2005-06-06,1
20050524,06025,Imperial County,CA,100.00,0.00,0.00,0.00,0.00,0.00,2005-05-24,2005-05-30,1
20050517,06025,Imperial County,CA,100.00,0.00,0.00,0.00,0.00,0.00,2005-05-17,2005-05-23,1
20050510,06025,Imperial County,CA,100.00,0.00,0.00,0.00,0.00,0.00,2005-05-10,2005-05-16,1
20050503,06025,Imperial County,CA,100.00,0.00,0.00,0.00,0.00,0.00,2005-05-03,2005-05-09,1
20050426,06025,Imperial County,CA,100.00,0.00,0.00,0.00,0.00,0.00,2005-04-26,2005-05-02,1
20050419,06025,Imperial County,CA,100.00,0.00,0.00,0.00,0.00,0.00,2005-04-19,2005-04-25,1
20050412,06025,Imperial County,CA,100.00,0.00,0.00,0.00,0.00,0.00,2005-04-12,2005-04-18,1
20050405,06025,Imperial County,CA,100.00,0.00,0.00,0.00,0.00,0.00,2005-04-05,2005-04-11,1
20050329,06025,Imperial County,CA,100.00,0.00,0.00,0.00,0.00,0.00,2005-03-29,2005-04-04,1
20050322,06025,Imperial County,CA,100.00,0.00,0.00,0.00,0.00,0.00,2005-03-22,2005-03-28,1
20050315,06025,Imperial County,CA,100.00,0.00,0.00,0.00,0.00,0.00,2005-03-15,2005-03-21,1
20050308,06025,Imperial County,CA,100.00,0.00,0.00,0.00,0.00,0.00,2005-03-08,2005-03-14,1
20050301,06025,Imperial County,CA,100.00,0.00,0.00,0.00,0.00,0.00,2005-03-01,2005-03-07,1
20050222,06025,Imperial County,CA,38.79,61.21,0.00,0.00,0.00,0.00,2005-02-22,2005-02-28,1
20050215,06025,Imperial County,CA,38.79,61.21,0.00,0.00,0.00,0.00,2005-02-15,2005-02-21,1
20050208,06025,Imperial County,CA,16.79,83.21,34.48,0.00,0.00,0.00,2005-02-08,2005-02-14,1
20050201,06025,Imperial County,CA,16.79,83.21,34.48,0.00,0.00,0.00,2005-02-01,2005-02-07,1
20050125,06025,Imperial County,CA,16.79,83.21,34.48,0.00,0.00,0.00,2005-01-25,2005-01-31,1
20050118,06025,Imperial County,CA,15.44,84.56,34.48,0.00,0.00,0.00,2005-01-18,2005-01-24,1
20050111,06025,Imperial County,CA,14.83,85.17,34.48,0.00,0.00,0.00,2005-01-11,2005-01-17,1
20050104,06025,Imperial County,CA,0.00,100.00,62.27,0.00,0.00,0.00,2005-01-04,2005-01-10,1
20041228,06025,Imperial County,CA,0.00,100.00,100.00,0.00,0.00,0.00,2004-12-28,2005-01-03,1
20041221,06025,Imperial County,CA,0.00,100.00,100.00,0.00,0.00,0.00,2004-12-21,2004-12-27,1
20041214,06025,Imperial County,CA,0.00,100.00,100.00,0.00,0.00,0.00,2004-12-14,2004-12-20,1
20041207,06025,Imperial County,CA,0.00,100.00,100.00,0.00,0.00,0.00,2004-12-07,2004-12-13,1
20041130,06025,Imperial County,CA,0.00,100.00,100.00,71.95,0.00,0.00,2004-11-30,2004-12-06,1
20041123,06025,Imperial County,CA,0.00,100.00,100.00,71.95,0.00,0.00,2004-11-23,2004-11-29,1
20041116,06025,Imperial County,CA,0.00,100.00,100.00,71.95,0.00,0.00,2004-11-16,2004-11-22,1
20041109,06025,Imperial County,CA,0.00,100.00,100.00,71.95,0.00,0.00,2004-11-09,2004-11-15,1
20041102,06025,Imperial County,CA,0.00,100.00,100.00,74.87,0.00,0.00,2004-11-02,2004-11-08,1
20041026,06025,Imperial County,CA,0.00,100.00,100.00,74.87,0.00,0.00,2004-10-26,2004-11-01,1
20041019,06025,Imperial County,CA,0.00,100.00,100.00,74.99,0.00,0.00,2004-10-19,2004-10-25,1
20041012,06025,Imperial County,CA,0.00,100.00,100.00,74.99,0.00,0.00,2004-10-12,2004-10-18,1
20041005,06025,Imperial County,CA,0.00,100.00,100.00,74.99,0.00,0.00,2004-10-05,2004-10-11,1
20040928,06025,Imperial County,CA,0.00,100.00,100.00,74.99,0.00,0.00,2004-09-28,2004-10-04,1
20040921,06025,Imperial County,CA,0.00,100.00,100.00,74.99,0.00,0.00,2004-09-21,2004-09-27,1
20040914,06025,Imperial County,CA,0.00,100.00,100.00,74.99,0.00,0.00,2004-09-14,2004-09-20,1
20040907,06025,Imperial County,CA,0.00,100.00,100.00,74.99,0.00,0.00,2004-09-07,2004-09-13,1
20040831,06025,Imperial County,CA,0.00,100.00,100.00,74.99,0.00,0.00,2004-08-31,2004-09-06,1
20040824,06025,Imperial County,CA,0.00,100.00,100.00,74.99,0.00,0.00,2004-08-24,2004-08-30,1
20040817,06025,Imperial County,CA,0.00,100.00,100.00,74.99,0.00,0.00,2004-08-17,2004-08-23,1
20040810,06025,Imperial County,CA,0.00,100.00,100.00,0.11,0.00,0.00,2004-08-10,2004-08-16,1
20040803,06025,Imperial County,CA,0.00,100.00,100.00,0.11,0.00,0.00,2004-08-03,2004-08-09,1
20040727,06025,Imperial County,CA,0.00,100.00,100.00,0.11,0.00,0.00,2004-07-27,2004-08-02,1
20040720,06025,Imperial County,CA,0.00,100.00,100.00,0.00,0.00,0.00,2004-07-20,2004-07-26,1
20040713,06025,Imperial County,CA,0.00,100.00,100.00,0.00,0.00,0.00,2004-07-13,2004-07-19,1
20040706,06025,Imperial County,CA,0.00,100.00,100.00,0.00,0.00,0.00,2004-07-06,2004-07-12,1
20040629,06025,Imperial County,CA,0.00,100.00,100.00,0.00,0.00,0.00,2004-06-29,2004-07-05,1
20040622,06025,Imperial County,CA,0.00,100.00,100.00,0.00,0.00,0.00,2004-06-22,2004-06-28,1
20040615,06025,Imperial County,CA,0.00,100.00,100.00,0.00,0.00,0.00,2004-06-15,2004-06-21,1
20040608,06025,Imperial County,CA,0.00,100.00,100.00,0.00,0.00,0.00,2004-06-08,2004-06-14,1
20040601,06025,Imperial County,CA,0.00,100.00,100.00,0.00,0.00,0.00,2004-06-01,2004-06-07,1
20040525,06025,Imperial County,CA,0.00,100.00,100.00,0.00,0.00,0.00,2004-05-25,2004-05-31,1
20040518,06025,Imperial County,CA,0.00,100.00,100.00,0.00,0.00,0.00,2004-05-18,2004-05-24,1
20040511,06025,Imperial County,CA,0.00,100.00,100.00,0.00,0.00,0.00,2004-05-11,2004-05-17,1
20040504,06025,Imperial County,CA,0.00,100.00,100.00,0.00,0.00,0.00,2004-05-04,2004-05-10,1
20040427,06025,Imperial County,CA,0.00,100.00,68.82,0.00,0.00,0.00,2004-04-27,2004-05-03,1
20040420,06025,Imperial County,CA,0.00,100.00,68.82,0.00,0.00,0.00,2004-04-20,2004-04-26,1
20040413,06025,Imperial County,CA,0.00,100.00,68.82,0.00,0.00,0.00,2004-04-13,2004-04-19,1
20040406,06025,Imperial County,CA,0.00,100.00,71.02,0.00,0.00,0.00,2004-04-06,2004-04-12,1
20040330,06025,Imperial County,CA,0.00,100.00,74.20,0.00,0.00,0.00,2004-03-30,2004-04-05,1
20040323,06025,Imperial County,CA,0.00,100.00,74.20,0.00,0.00,0.00,2004-03-23,2004-03-29,1
20040316,06025,Imperial County,CA,0.00,100.00,74.20,0.00,0.00,0.00,2004-03-16,2004-03-22,1
20040309,06025,Imperial County,CA,0.00,100.00,74.20,0.00,0.00,0.00,2004-03-09,2004-03-15,1
20040302,06025,Imperial County,CA,0.00,100.00,74.20,0.00,0.00,0.00,2004-03-02,2004-03-08,1
20040224,06025,Imperial County,CA,0.00,100.00,74.20,0.00,0.00,0.00,2004-02-24,2004-03-01,1
20040217,06025,Imperial County,CA,0.00,100.00,74.20,0.00,0.00,0.00,2004-02-17,2004-02-23,1
20040210,06025,Imperial County,CA,0.00,100.00,74.20,0.00,0.00,0.00,2004-02-10,2004-02-16,1
20040203,06025,Imperial County,CA,0.00,100.00,74.20,0.00,0.00,0.00,2004-02-03,2004-02-09,1
20040127,06025,Imperial County,CA,0.00,100.00,74.20,0.00,0.00,0.00,2004-01-27,2004-02-02,1
20040120,06025,Imperial County,CA,0.00,100.00,79.20,0.00,0.00,0.00,2004-01-20,2004-01-26,1
20040113,06025,Imperial County,CA,0.00,100.00,87.21,0.00,0.00,0.00,2004-01-13,2004-01-19,1
20040106,06025,Imperial County,CA,0.00,100.00,86.15,0.00,0.00,0.00,2004-01-06,2004-01-12,1
20031230,06025,Imperial County,CA,0.00,100.00,86.40,0.00,0.00,0.00,2003-12-30,2004-01-05,1
20031223,06025,Imperial County,CA,0.52,99.48,91.51,0.00,0.00,0.00,2003-12-23,2003-12-29,1
20031216,06025,Imperial County,CA,1.28,98.72,88.27,0.00,0.00,0.00,2003-12-16,2003-12-22,1
20031209,06025,Imperial County,CA,1.08,98.92,84.22,0.00,0.00,0.00,2003-12-09,2003-12-15,1
20031202,06025,Imperial County,CA,0.07,99.93,88.21,0.00,0.00,0.00,2003-12-02,2003-12-08,1
20031125,06025,Imperial County,CA,1.08,98.92,90.26,0.00,0.00,0.00,2003-11-25,2003-12-01,1
20031118,06025,Imperial County,CA,1.80,98.20,89.74,0.00,0.00,0.00,2003-11-18,2003-11-24,1
20031111,06025,Imperial County,CA,0.00,100.00,86.66,0.00,0.00,0.00,2003-11-11,2003-11-17,1
20031104,06025,Imperial County,CA,0.00,100.00,89.84,0.00,0.00,0.00,2003-11-04,2003-11-10,1
20031028,06025,Imperial County,CA,0.00,100.00,88.37,0.00,0.00,0.00,2003-10-28,2003-11-03,1
20031021,06025,Imperial County,CA,2.84,97.16,88.73,0.00,0.00,0.00,2003-10-21,2003-10-27,1
20031014,06025,Imperial County,CA,3.06,96.94,80.00,0.00,0.00,0.00,2003-10-14,2003-10-20,1
20031007,06025,Imperial County,CA,2.86,97.14,87.74,0.00,0.00,0.00,2003-10-07,2003-10-13,1
20030930,06025,Imperial County,CA,11.24,88.76,82.87,0.00,0.00,0.00,2003-09-30,2003-10-06,1
20030923,06025,Imperial County,CA,3.06,96.94,90.30,0.00,0.00,0.00,2003-09-23,2003-09-29,1
20030916,06025,Imperial County,CA,4.94,95.06,88.19,0.00,0.00,0.00,2003-09-16,2003-09-22,1
20030909,06025,Imperial County,CA,4.04,95.96,71.22,0.00,0.00,0.00,2003-09-09,2003-09-15,1
20030902,06025,Imperial County,CA,5.05,94.95,80.93,17.48,0.00,0.00,2003-09-02,2003-09-08,1
20030826,06025,Imperial County,CA,9.18,90.82,52.34,6.97,0.00,0.00,2003-08-26,2003-09-01,1
20030819,06025,Imperial County,CA,7.71,92.29,55.92,5.01,0.00,0.00,2003-08-19,2003-08-25,1
20030812,06025,Imperial County,CA,4.38,95.62,47.52,9.92,0.00,0.00,2003-08-12,2003-08-18,1
20030805,06025,Imperial County,CA,4.45,95.55,53.35,10.88,0.00,0.00,2003-08-05,2003-08-11,1
20030729,06025,Imperial County,CA,5.45,94.55,48.09,0.87,0.00,0.00,2003-07-29,2003-08-04,1
20030722,06025,Imperial County,CA,2.70,97.30,62.23,2.62,0.00,0.00,2003-07-22,2003-07-28,1
20030715,06025,Imperial County,CA,2.96,97.04,62.76,2.21,0.00,0.00,2003-07-15,2003-07-21,1
20030708,06025,Imperial County,CA,3.46,96.54,72.75,6.01,0.00,0.00,2003-07-08,2003-07-14,1
20030701,06025,Imperial County,CA,0.21,99.79,83.81,5.78,0.00,0.00,2003-07-01,2003-07-07,1
20030624,06025,Imperial County,CA,0.12,99.88,84.09,3.04,0.00,0.00,2003-06-24,2003-06-30,1
20030617,06025,Imperial County,CA,0.00,100.00,89.17,4.64,0.00,0.00,2003-06-17,2003-06-23,1
20030610,06025,Imperial County,CA,0.00,100.00,88.62,1.25,0.00,0.00,2003-06-10,2003-06-16,1
20030603,06025,Imperial County,CA,0.00,100.00,90.74,7.41,0.00,0.00,2003-06-03,2003-06-09,1
20030527,06025,Imperial County,CA,0.00,100.00,86.79,4.55,0.00,0.00,2003-05-27,2003-06-02,1
20030520,06025,Imperial County,CA,0.00,100.00,87.72,5.63,0.00,0.00,2003-05-20,2003-05-26,1
20030513,06025,Imperial County,CA,0.00,100.00,89.10,3.25,0.00,0.00,2003-05-13,2003-05-19,1
20030506,06025,Imperial County,CA,0.00,100.00,92.49,6.12,0.00,0.00,2003-05-06,2003-05-12,1
20030429,06025,Imperial County,CA,0.02,99.98,91.48,0.15,0.00,0.00,2003-04-29,2003-05-05,1
20030422,06025,Imperial County,CA,0.00,100.00,93.28,2.07,0.00,0.00,2003-04-22,2003-04-28,1
20030415,06025,Imperial County,CA,0.19,99.81,81.86,2.57,0.00,0.00,2003-04-15,2003-04-21,1
20030408,06025,Imperial County,CA,0.00,100.00,93.41,15.41,0.00,0.00,2003-04-08,2003-04-14,1
20030401,06025,Imperial County,CA,0.00,100.00,92.64,10.84,0.00,0.00,2003-04-01,2003-04-07,1
20030325,06025,Imperial County,CA,0.00,100.00,93.42,10.11,0.00,0.00,2003-03-25,2003-03-31,1
20030318,06025,Imperial County,CA,0.00,100.00,94.58,14.26,0.00,0.00,2003-03-18,2003-03-24,1
20030311,06025,Imperial County,CA,0.00,100.00,95.52,53.93,0.00,0.00,2003-03-11,2003-03-17,1
20030304,06025,Imperial County,CA,4.75,95.25,64.60,54.01,0.05,0.00,2003-03-04,2003-03-10,1
20030225,06025,Imperial County,CA,0.00,100.00,94.16,60.16,29.17,0.00,2003-02-25,2003-03-03,1
20030218,06025,Imperial County,CA,0.00,100.00,92.06,58.14,31.79,0.00,2003-02-18,2003-02-24,1
20030211,06025,Imperial County,CA,0.00,100.00,100.00,100.00,85.34,0.00,2003-02-11,2003-02-17,1
20030204,06025,Imperial County,CA,0.00,100.00,100.00,100.00,88.69,0.00,2003-02-04,2003-02-10,1
20030128,06025,Imperial County,CA,0.00,100.00,100.00,100.00,89.07,0.00,2003-01-28,2003-02-03,1
20030121,06025,Imperial County,CA,0.00,100.00,100.00,100.00,75.14,0.00,2003-01-21,2003-01-27,1
20030114,06025,Imperial County,CA,0.00,100.00,100.00,100.00,74.13,0.00,2003-01-14,2003-01-20,1
20030107,06025,Imperial County,CA,0.00,100.00,100.00,100.00,73.62,0.00,2003-01-07,2003-01-13,1
20021231,06025,Imperial County,CA,0.00,100.00,100.00,100.00,76.84,0.00,2002-12-31,2003-01-06,1
20021224,06025,Imperial County,CA,0.00,100.00,100.00,100.00,77.93,0.00,2002-12-24,2002-12-30,1
20021217,06025,Imperial County,CA,0.00,100.00,100.00,100.00,76.21,0.00,2002-12-17,2002-12-23,1
20021210,06025,Imperial County,CA,0.00,100.00,100.00,100.00,78.64,0.00,2002-12-10,2002-12-16,1
20021203,06025,Imperial County,CA,0.00,100.00,100.00,100.00,76.90,0.00,2002-12-03,2002-12-09,1
20021126,06025,Imperial County,CA,0.00,100.00,100.00,100.00,100.00,0.00,2002-11-26,2002-12-02,1
20021119,06025,Imperial County,CA,0.00,100.00,100.00,100.00,100.00,0.00,2002-11-19,2002-11-25,1
20021112,06025,Imperial County,CA,0.00,100.00,100.00,100.00,100.00,0.00,2002-11-12,2002-11-18,1
20021105,06025,Imperial County,CA,0.00,100.00,100.00,100.00,100.00,0.00,2002-11-05,2002-11-11,1
20021029,06025,Imperial County,CA,0.00,100.00,100.00,100.00,100.00,0.00,2002-10-29,2002-11-04,1
20021022,06025,Imperial County,CA,0.00,100.00,100.00,100.00,100.00,0.00,2002-10-22,2002-10-28,1
20021015,06025,Imperial County,CA,0.00,100.00,100.00,100.00,100.00,0.00,2002-10-15,2002-10-21,1
20021008,06025,Imperial County,CA,0.00,100.00,100.00,100.00,100.00,0.00,2002-10-08,2002-10-14,1
20021001,06025,Imperial County,CA,0.00,100.00,100.00,100.00,100.00,0.00,2002-10-01,2002-10-07,1
20020924,06025,Imperial County,CA,0.00,100.00,100.00,100.00,100.00,0.00,2002-09-24,2002-09-30,1
20020917,06025,Imperial County,CA,0.00,100.00,100.00,100.00,100.00,0.00,2002-09-17,2002-09-23,1
20020910,06025,Imperial County,CA,0.00,100.00,100.00,100.00,100.00,0.00,2002-09-10,2002-09-16,1
20020903,06025,Imperial County,CA,0.00,100.00,100.00,100.00,100.00,0.00,2002-09-03,2002-09-09,1
20020827,06025,Imperial County,CA,0.00,100.00,100.00,100.00,100.00,0.00,2002-08-27,2002-09-02,1
20020820,06025,Imperial County,CA,0.00,100.00,100.00,100.00,100.00,0.00,2002-08-20,2002-08-26,1
20020813,06025,Imperial County,CA,0.00,100.00,100.00,100.00,100.00,0.00,2002-08-13,2002-08-19,1
20020806,06025,Imperial County,CA,0.00,100.00,100.00,100.00,100.00,0.00,2002-08-06,2002-08-12,1
20020730,06025,Imperial County,CA,0.00,100.00,100.00,100.00,100.00,0.00,2002-07-30,2002-08-05,1
20020723,06025,Imperial County,CA,0.00,100.00,100.00,100.00,100.00,0.00,2002-07-23,2002-07-29,1
20020716,06025,Imperial County,CA,0.00,100.00,100.00,100.00,100.00,0.00,2002-07-16,2002-07-22,1
20020709,06025,Imperial County,CA,0.00,100.00,100.00,100.00,4.70,0.00,2002-07-09,2002-07-15,1
20020702,06025,Imperial County,CA,0.00,100.00,100.00,100.00,0.00,0.00,2002-07-02,2002-07-08,1
20020625,06025,Imperial County,CA,0.00,100.00,100.00,100.00,0.00,0.00,2002-06-25,2002-07-01,1
20020618,06025,Imperial County,CA,0.00,100.00,100.00,100.00,0.00,0.00,2002-06-18,2002-06-24,1
20020611,06025,Imperial County,CA,0.00,100.00,100.00,100.00,0.00,0.00,2002-06-11,2002-06-17,1
20020604,06025,Imperial County,CA,0.00,100.00,100.00,100.00,0.00,0.00,2002-06-04,2002-06-10,1
20020528,06025,Imperial County,CA,0.00,100.00,100.00,100.00,0.00,0.00,2002-05-28,2002-06-03,1
20020521,06025,Imperial County,CA,0.00,100.00,100.00,100.00,0.00,0.00,2002-05-21,2002-05-27,1
20020514,06025,Imperial County,CA,0.00,100.00,100.00,100.00,0.00,0.00,2002-05-14,2002-05-20,1
20020507,06025,Imperial County,CA,0.00,100.00,100.00,100.00,0.00,0.00,2002-05-07,2002-05-13,1
20020430,06025,Imperial County,CA,0.00,100.00,100.00,100.00,0.00,0.00,2002-04-30,2002-05-06,1
20020423,06025,Imperial County,CA,0.00,100.00,100.00,100.00,0.00,0.00,2002-04-23,2002-04-29,1
20020416,06025,Imperial County,CA,0.00,100.00,100.00,100.00,0.00,0.00,2002-04-16,2002-04-22,1
20020409,06025,Imperial County,CA,0.00,100.00,100.00,58.13,0.00,0.00,2002-04-09,2002-04-15,1
20020402,06025,Imperial County,CA,0.00,100.00,99.46,0.00,0.00,0.00,2002-04-02,2002-04-08,1
20020326,06025,Imperial County,CA,0.00,100.00,4.19,0.00,0.00,0.00,2002-03-26,2002-04-01,1
20020319,06025,Imperial County,CA,0.00,100.00,0.00,0.00,0.00,0.00,2002-03-19,2002-03-25,1
20020312,06025,Imperial County,CA,0.00,100.00,0.00,0.00,0.00,0.00,2002-03-12,2002-03-18,1
20020305,06025,Imperial County,CA,0.00,100.00,0.00,0.00,0.00,0.00,2002-03-05,2002-03-11,1
20020226,06025,Imperial County,CA,0.00,100.00,0.00,0.00,0.00,0.00,2002-02-26,2002-03-04,1
20020219,06025,Imperial County,CA,0.00,100.00,0.00,0.00,0.00,0.00,2002-02-19,2002-02-25,1
20020212,06025,Imperial County,CA,0.00,100.00,0.00,0.00,0.00,0.00,2002-02-12,2002-02-18,1
20020205,06025,Imperial County,CA,29.80,70.20,0.00,0.00,0.00,0.00,2002-02-05,2002-02-11,1
20020129,06025,Imperial County,CA,100.00,0.00,0.00,0.00,0.00,0.00,2002-01-29,2002-02-04,1
20020122,06025,Imperial County,CA,100.00,0.00,0.00,0.00,0.00,0.00,2002-01-22,2002-01-28,1
20020115,06025,Imperial County,CA,100.00,0.00,0.00,0.00,0.00,0.00,2002-01-15,2002-01-21,1
20020108,06025,Imperial County,CA,100.00,0.00,0.00,0.00,0.00,0.00,2002-01-08,2002-01-14,1
20020101,06025,Imperial County,CA,100.00,0.00,0.00,0.00,0.00,0.00,2002-01-01,2002-01-07,1
20011225,06025,Imperial County,CA,100.00,0.00,0.00,0.00,0.00,0.00,2001-12-25,2001-12-31,1
20011218,06025,Imperial County,CA,100.00,0.00,0.00,0.00,0.00,0.00,2001-12-18,2001-12-24,1
20011211,06025,Imperial County,CA,100.00,0.00,0.00,0.00,0.00,0.00,2001-12-11,2001-12-17,1
20011204,06025,Imperial County,CA,100.00,0.00,0.00,0.00,0.00,0.00,2001-12-04,2001-12-10,1
20011127,06025,Imperial County,CA,100.00,0.00,0.00,0.00,0.00,0.00,2001-11-27,2001-12-03,1
20011120,06025,Imperial County,CA,100.00,0.00,0.00,0.00,0.00,0.00,2001-11-20,2001-11-26,1
20011113,06025,Imperial County,CA,100.00,0.00,0.00,0.00,0.00,0.00,2001-11-13,2001-11-19,1
20011106,06025,Imperial County,CA,100.00,0.00,0.00,0.00,0.00,0.00,2001-11-06,2001-11-12,1
20011030,06025,Imperial County,CA,100.00,0.00,0.00,0.00,0.00,0.00,2001-10-30,2001-11-05,1
20011023,06025,Imperial County,CA,100.00,0.00,0.00,0.00,0.00,0.00,2001-10-23,2001-10-29,1
20011016,06025,Imperial County,CA,100.00,0.00,0.00,0.00,0.00,0.00,2001-10-16,2001-10-22,1
20011009,06025,Imperial County,CA,100.00,0.00,0.00,0.00,0.00,0.00,2001-10-09,2001-10-15,1
20011002,06025,Imperial County,CA,100.00,0.00,0.00,0.00,0.00,0.00,2001-10-02,2001-10-08,1
20010925,06025,Imperial County,CA,100.00,0.00,0.00,0.00,0.00,0.00,2001-09-25,2001-10-01,1
20010918,06025,Imperial County,CA,100.00,0.00,0.00,0.00,0.00,0.00,2001-09-18,2001-09-24,1
20010911,06025,Imperial County,CA,100.00,0.00,0.00,0.00,0.00,0.00,2001-09-11,2001-09-17,1
20010904,06025,Imperial County,CA,100.00,0.00,0.00,0.00,0.00,0.00,2001-09-04,2001-09-10,1
20010828,06025,Imperial County,CA,100.00,0.00,0.00,0.00,0.00,0.00,2001-08-28,2001-09-03,1
20010821,06025,Imperial County,CA,100.00,0.00,0.00,0.00,0.00,0.00,2001-08-21,2001-08-27,1
20010814,06025,Imperial County,CA,100.00,0.00,0.00,0.00,0.00,0.00,2001-08-14,2001-08-20,1
20010807,06025,Imperial County,CA,100.00,0.00,0.00,0.00,0.00,0.00,2001-08-07,2001-08-13,1
20010731,06025,Imperial County,CA,100.00,0.00,0.00,0.00,0.00,0.00,2001-07-31,2001-08-06,1
20010724,06025,Imperial County,CA,100.00,0.00,0.00,0.00,0.00,0.00,2001-07-24,2001-07-30,1
20010717,06025,Imperial County,CA,100.00,0.00,0.00,0.00,0.00,0.00,2001-07-17,2001-07-23,1
20010710,06025,Imperial County,CA,100.00,0.00,0.00,0.00,0.00,0.00,2001-07-10,2001-07-16,1
20010703,06025,Imperial County,CA,100.00,0.00,0.00,0.00,0.00,0.00,2001-07-03,2001-07-09,1
20010626,06025,Imperial County,CA,100.00,0.00,0.00,0.00,0.00,0.00,2001-06-26,2001-07-02,1
20010619,06025,Imperial County,CA,100.00,0.00,0.00,0.00,0.00,0.00,2001-06-19,2001-06-25,1
20010612,06025,Imperial County,CA,100.00,0.00,0.00,0.00,0.00,0.00,2001-06-12,2001-06-18,1
20010605,06025,Imperial County,CA,100.00,0.00,0.00,0.00,0.00,0.00,2001-06-05,2001-06-11,1
20010529,06025,Imperial County,CA,100.00,0.00,0.00,0.00,0.00,0.00,2001-05-29,2001-06-04,1
20010522,06025,Imperial County,CA,100.00,0.00,0.00,0.00,0.00,0.00,2001-05-22,2001-05-28,1
20010515,06025,Imperial County,CA,100.00,0.00,0.00,0.00,0.00,0.00,2001-05-15,2001-05-21,1
20010508,06025,Imperial County,CA,100.00,0.00,0.00,0.00,0.00,0.00,2001-05-08,2001-05-14,1
20010501,06025,Imperial County,CA,100.00,0.00,0.00,0.00,0.00,0.00,2001-05-01,2001-05-07,1
20010424,06025,Imperial County,CA,100.00,0.00,0.00,0.00,0.00,0.00,2001-04-24,2001-04-30,1
20010417,06025,Imperial County,CA,100.00,0.00,0.00,0.00,0.00,0.00,2001-04-17,2001-04-23,1
20010410,06025,Imperial County,CA,100.00,0.00,0.00,0.00,0.00,0.00,2001-04-10,2001-04-16,1
20010403,06025,Imperial County,CA,100.00,0.00,0.00,0.00,0.00,0.00,2001-04-03,2001-04-09,1
20010327,06025,Imperial County,CA,100.00,0.00,0.00,0.00,0.00,0.00,2001-03-27,2001-04-02,1
20010320,06025,Imperial County,CA,100.00,0.00,0.00,0.00,0.00,0.00,2001-03-20,2001-03-26,1
20010313,06025,Imperial County,CA,100.00,0.00,0.00,0.00,0.00,0.00,2001-03-13,2001-03-19,1
20010306,06025,Imperial County,CA,100.00,0.00,0.00,0.00,0.00,0.00,2001-03-06,2001-03-12,1
20010227,06025,Imperial County,CA,100.00,0.00,0.00,0.00,0.00,0.00,2001-02-27,2001-03-05,1
20010220,06025,Imperial County,CA,100.00,0.00,0.00,0.00,0.00,0.00,2001-02-20,2001-02-26,1
20010213,06025,Imperial County,CA,100.00,0.00,0.00,0.00,0.00,0.00,2001-02-13,2001-02-19,1
20010206,06025,Imperial County,CA,100.00,0.00,0.00,0.00,0.00,0.00,2001-02-06,2001-02-12,1
20010130,06025,Imperial County,CA,100.00,0.00,0.00,0.00,0.00,0.00,2001-01-30,2001-02-05,1
20010123,06025,Imperial County,CA,100.00,0.00,0.00,0.00,0.00,0.00,2001-01-23,2001-01-29,1
20010116,06025,Imperial County,CA,100.00,0.00,0.00,0.00,0.00,0.00,2001-01-16,2001-01-22,1
20010109,06025,Imperial County,CA,100.00,0.00,0.00,0.00,0.00,0.00,2001-01-09,2001-01-15,1
20010102,06025,Imperial County,CA,100.00,0.00,0.00,0.00,0.00,0.00,2001-01-02,2001-01-08,1
20001226,06025,Imperial County,CA,100.00,0.00,0.00,0.00,0.00,0.00,2000-12-26,2001-01-01,1
20001219,06025,Imperial County,CA,100.00,0.00,0.00,0.00,0.00,0.00,2000-12-19,2000-12-25,1
20001212,06025,Imperial County,CA,100.00,0.00,0.00,0.00,0.00,0.00,2000-12-12,2000-12-18,1
20001205,06025,Imperial County,CA,100.00,0.00,0.00,0.00,0.00,0.00,2000-12-05,2000-12-11,1
20001128,06025,Imperial County,CA,100.00,0.00,0.00,0.00,0.00,0.00,2000-11-28,2000-12-04,1
20001121,06025,Imperial County,CA,100.00,0.00,0.00,0.00,0.00,0.00,2000-11-21,2000-11-27,1
20001114,06025,Imperial County,CA,100.00,0.00,0.00,0.00,0.00,0.00,2000-11-14,2000-11-20,1
20001107,06025,Imperial County,CA,100.00,0.00,0.00,0.00,0.00,0.00,2000-11-07,2000-11-13,1
20001031,06025,Imperial County,CA,100.00,0.00,0.00,0.00,0.00,0.00,2000-10-31,2000-11-06,1
20001024,06025,Imperial County,CA,10.30,89.70,0.00,0.00,0.00,0.00,2000-10-24,2000-10-30,1
20001017,06025,Imperial County,CA,0.00,100.00,0.00,0.00,0.00,0.00,2000-10-17,2000-10-23,1
20001010,06025,Imperial County,CA,0.86,99.14,0.00,0.00,0.00,0.00,2000-10-10,2000-10-16,1
20001003,06025,Imperial County,CA,0.80,99.20,0.00,0.00,0.00,0.00,2000-10-03,2000-10-09,1
20000926,06025,Imperial County,CA,0.80,99.20,0.00,0.00,0.00,0.00,2000-09-26,2000-10-02,1
20000919,06025,Imperial County,CA,0.80,99.20,0.00,0.00,0.00,0.00,2000-09-19,2000-09-25,1
20000912,06025,Imperial County,CA,0.80,99.20,0.00,0.00,0.00,0.00,2000-09-12,2000-09-18,1
20000905,06025,Imperial County,CA,0.80,99.20,0.00,0.00,0.00,0.00,2000-09-05,2000-09-11,1
20000829,06025,Imperial County,CA,0.80,99.20,0.00,0.00,0.00,0.00,2000-08-29,2000-09-04,1
20000822,06025,Imperial County,CA,0.00,100.00,0.00,0.00,0.00,0.00,2000-08-22,2000-08-28,1
20000815,06025,Imperial County,CA,0.00,100.00,0.00,0.00,0.00,0.00,2000-08-15,2000-08-21,1
20000808,06025,Imperial County,CA,85.72,14.28,0.00,0.00,0.00,0.00,2000-08-08,2000-08-14,1
20000801,06025,Imperial County,CA,100.00,0.00,0.00,0.00,0.00,0.00,2000-08-01,2000-08-07,1
20000725,06025,Imperial County,CA,100.00,0.00,0.00,0.00,0.00,0.00,2000-07-25,2000-07-31,1
20000718,06025,Imperial County,CA,100.00,0.00,0.00,0.00,0.00,0.00,2000-07-18,2000-07-24,1
20000711,06025,Imperial County,CA,100.00,0.00,0.00,0.00,0.00,0.00,2000-07-11,2000-07-17,1
20000704,06025,Imperial County,CA,100.00,0.00,0.00,0.00,0.00,0.00,2000-07-04,2000-07-10,1
20000627,06025,Imperial County,CA,100.00,0.00,0.00,0.00,0.00,0.00,2000-06-27,2000-07-03,1
20000620,06025,Imperial County,CA,100.00,0.00,0.00,0.00,0.00,0.00,2000-06-20,2000-06-26,1
20000613,06025,Imperial County,CA,100.00,0.00,0.00,0.00,0.00,0.00,2000-06-13,2000-06-19,1
20000606,06025,Imperial County,CA,100.00,0.00,0.00,0.00,0.00,0.00,2000-06-06,2000-06-12,1
20000530,06025,Imperial County,CA,100.00,0.00,0.00,0.00,0.00,0.00,2000-05-30,2000-06-05,1
20000523,06025,Imperial County,CA,100.00,0.00,0.00,0.00,0.00,0.00,2000-05-23,2000-05-29,1
20000516,06025,Imperial County,CA,100.00,0.00,0.00,0.00,0.00,0.00,2000-05-16,2000-05-22,1
20000509,06025,Imperial County,CA,100.00,0.00,0.00,0.00,0.00,0.00,2000-05-09,2000-05-15,1
20000502,06025,Imperial County,CA,100.00,0.00,0.00,0.00,0.00,0.00,2000-05-02,2000-05-08,1
20000425,06025,Imperial County,CA,100.00,0.00,0.00,0.00,0.00,0.00,2000-04-25,2000-05-01,1
20000418,06025,Imperial County,CA,5.93,94.07,0.00,0.00,0.00,0.00,2000-04-18,2000-04-24,1
20000411,06025,Imperial County,CA,23.67,76.33,0.00,0.00,0.00,0.00,2000-04-11,2000-04-17,1
20000404,06025,Imperial County,CA,23.67,76.33,0.00,0.00,0.00,0.00,2000-04-04,2000-04-10,1
20000328,06025,Imperial County,CA,21.95,78.05,0.00,0.00,0.00,0.00,2000-03-28,2000-04-03,1
20000321,06025,Imperial County,CA,24.00,76.00,0.00,0.00,0.00,0.00,2000-03-21,2000-03-27,1
20000314,06025,Imperial County,CA,24.00,76.00,0.00,0.00,0.00,0.00,2000-03-14,2000-03-20,1
20000307,06025,Imperial County,CA,0.00,100.00,1.10,0.00,0.00,0.00,2000-03-07,2000-03-13,1
20000229,06025,Imperial County,CA,0.00,100.00,1.74,0.00,0.00,0.00,2000-02-29,2000-03-06,1
20000222,06025,Imperial County,CA,0.00,100.00,0.07,0.00,0.00,0.00,2000-02-22,2000-02-28,1
20000215,06025,Imperial County,CA,0.00,100.00,0.07,0.00,0.00,0.00,2000-02-15,2000-02-21,1
20000208,06025,Imperial County,CA,0.00,100.00,0.00,0.00,0.00,0.00,2000-02-08,2000-02-14,1
20000201,06025,Imperial County,CA,0.00,100.00,0.00,0.00,0.00,0.00,2000-02-01,2000-02-07,1
20000125,06025,Imperial County,CA,0.00,100.00,0.00,0.00,0.00,0.00,2000-01-25,2000-01-31,1
20000118,06025,Imperial County,CA,0.00,100.00,0.00,0.00,0.00,0.00,2000-01-18,2000-01-24,1
20000111,06025,Imperial County,CA,0.00,100.00,0.00,0.00,0.00,0.00,2000-01-11,2000-01-17,1
20000104,06025,Imperial County,CA,77.15,22.85,0.00,0.00,0.00,0.00,2000-01-04,2000-01-10,1
